temp,vibration,rpm,overall_status
38,0.28,277,WARNING
51,0.68,303,NORMAL
79,0.22,288,NORMAL
71,0.99,255,NORMAL
39,0.78,293,NORMAL
80,0.76,310,NORMAL
70,0.65,255,CRITICAL
55,1.09,306,WARNING
53,0.62,306,NORMAL
81,0.96,342,CRITICAL
75,0.29,304,NORMAL
49,1.07,283,NORMAL
44,1.08,296,NORMAL
44,0.48,279,WARNING
73,1.1,295,NORMAL
72,0.41,349,NORMAL
74,1.1,309,CRITICAL
58,0.56,279,NORMAL
51,0.99,343,NORMAL
50,0.8,258,NORMAL
67,0.86,285,NORMAL
76,0.26,270,WARNING
78,0.9,291,NORMAL
45,0.91,319,NORMAL
81,1.14,346,CRITICAL
48,0.61,328,NORMAL
53,0.45,336,NORMAL
38,0.42,324,NORMAL
45,0.61,307,NORMAL
59,0.32,315,NORMAL
36,0.43,301,NORMAL
39,1.08,267,NORMAL
58,0.47,272,NORMAL
68,0.83,284,NORMAL
51,0.28,314,NORMAL
46,0.35,280,WARNING
71,1.05,325,NORMAL
43,0.52,261,CRITICAL
72,0.94,303,NORMAL
71,0.58,313,NORMAL
49,0.55,311,NORMAL
68,0.6,310,NORMAL
54,0.72,307,WARNING
67,0.76,309,NORMAL
53,0.42,347,NORMAL
39,0.53,272,WARNING
37,0.72,279,NORMAL
70,0.96,322,NORMAL
69,0.4,306,NORMAL
57,0.36,332,NORMAL
84,1.12,308,NORMAL
68,0.48,305,NORMAL
58,0.85,276,NORMAL
59,0.78,332,CRITICAL
60,0.86,285,NORMAL
82,0.78,328,CRITICAL
76,0.21,327,CRITICAL
62,0.74,297,NORMAL
74,0.91,253,NORMAL
46,0.32,330,WARNING
38,0.92,270,NORMAL
67,0.51,254,NORMAL
43,0.91,285,NORMAL
79,0.29,292,NORMAL
35,0.64,337,NORMAL
67,0.59,251,NORMAL
37,1.02,294,NORMAL
82,0.41,296,NORMAL
67,0.7,311,NORMAL
41,0.27,251,NORMAL
42,0.69,346,NORMAL
57,0.91,303,NORMAL
85,0.55,269,NORMAL
59,0.43,303,NORMAL
52,0.22,250,NORMAL
43,0.96,336,NORMAL
83,0.26,326,WARNING
66,1.1,263,NORMAL
42,0.99,263,CRITICAL
48,0.38,297,NORMAL
57,0.36,318,CRITICAL
82,0.53,346,NORMAL
47,0.22,271,CRITICAL
73,0.2,255,NORMAL
51,0.66,326,NORMAL
81,0.99,308,CRITICAL
55,0.25,336,CRITICAL
75,1.0,348,NORMAL
76,0.92,252,NORMAL
56,0.6,274,NORMAL
49,0.83,310,NORMAL
45,1.05,264,NORMAL
59,0.4,289,CRITICAL
81,0.65,320,NORMAL
65,0.67,276,NORMAL
62,0.71,294,NORMAL
41,0.35,336,NORMAL
46,1.15,274,WARNING
48,0.39,262,NORMAL
49,0.4,265,NORMAL
40,0.97,294,NORMAL
39,1.04,338,NORMAL
79,0.51,269,NORMAL
82,0.64,258,CRITICAL
50,0.35,301,NORMAL
44,1.05,288,NORMAL
48,0.77,318,NORMAL
66,0.73,286,NORMAL
44,0.57,298,NORMAL
76,0.24,322,NORMAL
68,0.95,277,WARNING
75,1.11,324,WARNING
76,0.7,345,NORMAL
59,0.42,268,WARNING
38,1.04,344,NORMAL
85,1.02,299,NORMAL
54,0.66,264,NORMAL
50,1.14,294,NORMAL
81,0.56,276,NORMAL
46,0.31,270,NORMAL
81,0.97,293,NORMAL
57,0.42,284,NORMAL
38,0.98,281,NORMAL
58,0.96,306,NORMAL
49,0.88,333,NORMAL
76,0.4,279,NORMAL
71,0.4,316,NORMAL
38,0.21,322,NORMAL
80,0.3,322,NORMAL
70,0.54,333,NORMAL
78,0.92,320,NORMAL
39,0.67,318,NORMAL
64,0.86,294,NORMAL
42,1.01,343,NORMAL
59,0.62,302,NORMAL
64,0.3,286,WARNING
43,0.51,302,WARNING
75,0.34,281,NORMAL
77,0.45,288,NORMAL
77,0.83,287,WARNING
59,1.01,276,NORMAL
85,0.26,282,WARNING
75,0.78,288,NORMAL
72,0.74,281,WARNING
59,0.37,308,NORMAL
43,1.0,285,WARNING
68,0.26,328,WARNING
83,0.93,334,NORMAL
51,0.71,322,NORMAL
37,0.59,329,NORMAL
55,0.77,292,NORMAL
45,0.88,331,NORMAL
75,0.43,285,NORMAL
80,0.79,300,NORMAL
71,0.88,322,CRITICAL
71,0.75,275,NORMAL
42,1.04,310,NORMAL
45,0.46,319,WARNING
52,0.53,254,CRITICAL
69,0.58,336,NORMAL
69,0.97,267,NORMAL
65,0.83,275,NORMAL
58,0.96,257,NORMAL
48,0.79,277,NORMAL
43,0.2,338,NORMAL
51,0.99,280,NORMAL
39,0.59,266,NORMAL
85,0.33,348,NORMAL
37,1.12,254,WARNING
35,0.6,253,NORMAL
67,0.28,323,NORMAL
71,0.93,262,CRITICAL
72,1.19,338,NORMAL
45,0.22,258,NORMAL
65,0.94,340,NORMAL
80,0.48,305,NORMAL
46,0.7,266,NORMAL
72,0.96,305,NORMAL
41,0.45,274,NORMAL
64,0.71,320,NORMAL
51,0.95,319,NORMAL
84,1.18,296,NORMAL
40,0.66,333,NORMAL
79,0.47,311,NORMAL
44,0.76,252,CRITICAL
79,0.9,283,NORMAL
58,1.0,339,NORMAL
54,0.44,266,NORMAL
72,1.16,347,NORMAL
62,0.8,256,NORMAL
78,0.24,263,NORMAL
35,0.64,331,NORMAL
50,1.15,346,NORMAL
40,0.52,306,NORMAL
60,0.76,304,NORMAL
42,1.07,250,NORMAL
43,0.69,304,NORMAL
53,0.85,337,NORMAL
48,0.52,271,NORMAL
37,0.64,319,NORMAL
40,0.67,311,NORMAL
43,0.94,328,CRITICAL
61,0.51,280,NORMAL
74,0.24,265,CRITICAL
65,0.38,273,NORMAL
76,1.0,291,NORMAL
78,0.42,312,NORMAL
75,1.01,314,WARNING
41,0.68,310,NORMAL
37,1.16,252,NORMAL
81,0.37,338,NORMAL
52,1.17,325,NORMAL
64,0.64,339,NORMAL
66,0.67,350,WARNING
49,0.73,350,NORMAL
62,1.05,318,NORMAL
45,0.86,341,NORMAL
50,1.16,281,NORMAL
84,0.96,288,NORMAL
50,1.09,309,WARNING
42,1.03,306,NORMAL
66,0.79,350,CRITICAL
79,1.02,317,NORMAL
43,0.46,286,NORMAL
49,0.58,324,NORMAL
53,0.68,348,CRITICAL
73,0.31,296,NORMAL
72,1.06,266,NORMAL
49,0.55,347,NORMAL
83,0.62,315,CRITICAL
79,1.14,276,NORMAL
84,0.41,257,NORMAL
47,1.14,256,NORMAL
49,0.37,302,NORMAL
76,0.32,320,NORMAL
81,0.94,292,NORMAL
53,1.05,321,WARNING
75,0.26,344,NORMAL
50,0.61,273,WARNING
62,0.47,268,NORMAL
72,1.18,322,NORMAL
37,0.89,280,CRITICAL
77,1.01,311,NORMAL
43,0.84,309,NORMAL
79,1.05,294,NORMAL
36,0.28,273,CRITICAL
38,0.83,287,NORMAL
47,1.03,294,NORMAL
78,0.96,334,WARNING
35,1.19,302,NORMAL
69,0.47,265,NORMAL
79,0.53,342,NORMAL
42,0.42,265,NORMAL
59,0.73,325,WARNING
75,0.45,350,NORMAL
36,0.7,311,NORMAL
71,0.67,329,NORMAL
72,0.59,275,NORMAL
45,0.37,301,NORMAL
71,1.19,279,WARNING
82,0.87,260,WARNING
38,0.54,302,NORMAL
46,0.92,337,NORMAL
78,0.87,296,WARNING
66,0.49,280,NORMAL
74,0.35,306,NORMAL
76,1.19,333,NORMAL
40,0.96,311,NORMAL
78,0.44,304,CRITICAL
44,0.22,251,NORMAL
58,0.29,270,NORMAL
71,0.21,252,NORMAL
69,0.54,268,WARNING
38,1.0,302,NORMAL
82,0.58,326,NORMAL
48,0.34,295,NORMAL
67,0.36,300,NORMAL
69,0.24,336,NORMAL
46,0.46,283,NORMAL
64,1.06,350,NORMAL
47,0.9,280,NORMAL
83,0.66,331,WARNING
39,0.35,334,NORMAL
49,0.48,256,NORMAL
50,1.12,276,NORMAL
57,0.71,256,NORMAL
47,0.31,333,WARNING
35,0.8,312,NORMAL
68,0.46,320,NORMAL
41,1.15,335,NORMAL
73,1.03,280,CRITICAL
71,1.02,323,CRITICAL
62,0.88,262,NORMAL
58,0.31,253,NORMAL
65,0.44,319,WARNING
45,0.79,290,NORMAL
64,1.13,336,NORMAL
42,0.69,346,NORMAL
49,0.77,344,NORMAL
73,0.69,334,NORMAL
78,1.09,258,NORMAL
65,1.14,304,NORMAL
59,0.22,314,NORMAL
79,0.6,253,WARNING
54,0.38,324,CRITICAL
61,0.43,297,WARNING
40,0.28,342,NORMAL
80,0.68,258,NORMAL
39,0.77,339,NORMAL
47,0.31,318,NORMAL
66,0.51,260,NORMAL
72,0.46,281,NORMAL
53,1.05,254,NORMAL
52,0.88,272,NORMAL
38,1.2,260,NORMAL
47,0.69,294,NORMAL
59,0.64,253,NORMAL
48,0.99,340,NORMAL
56,0.95,290,NORMAL
73,0.3,328,NORMAL
75,0.48,262,NORMAL
39,1.0,304,NORMAL
62,0.72,344,NORMAL
39,1.11,258,NORMAL
70,0.84,281,CRITICAL
38,0.32,267,NORMAL
77,0.9,269,NORMAL
38,0.83,291,WARNING
49,1.12,348,NORMAL
65,1.02,305,CRITICAL
70,0.21,261,NORMAL
35,0.62,272,NORMAL
58,0.84,271,NORMAL
70,0.21,261,NORMAL
53,0.87,319,NORMAL
51,0.36,288,NORMAL
75,0.45,294,NORMAL
69,0.84,253,CRITICAL
60,1.11,295,NORMAL
58,0.56,254,NORMAL
74,0.53,254,NORMAL
56,0.76,282,WARNING
45,1.04,289,WARNING
69,0.75,309,NORMAL
70,1.02,289,NORMAL
80,0.54,333,NORMAL
46,0.6,310,NORMAL
50,1.16,307,NORMAL
56,0.68,278,NORMAL
66,0.57,338,NORMAL
71,0.3,311,WARNING
67,0.78,341,NORMAL
66,1.13,287,NORMAL
74,1.11,300,NORMAL
58,1.04,317,WARNING
35,0.21,264,NORMAL
56,0.65,305,NORMAL
70,0.21,258,CRITICAL
68,0.82,273,NORMAL
84,0.35,300,WARNING
62,0.62,265,NORMAL
44,0.4,290,NORMAL
39,0.83,317,CRITICAL
35,0.8,307,NORMAL
69,0.27,287,NORMAL
71,0.55,336,NORMAL
58,1.12,290,NORMAL
49,1.03,300,NORMAL
81,0.94,301,NORMAL
56,0.55,333,NORMAL
61,0.66,349,NORMAL
59,0.93,294,CRITICAL
55,0.43,311,NORMAL
37,0.92,273,NORMAL
43,0.67,336,NORMAL
69,0.56,281,NORMAL
62,0.99,283,WARNING
77,0.51,347,CRITICAL
57,0.97,321,WARNING
38,1.03,281,NORMAL
37,0.57,345,NORMAL
64,1.09,261,NORMAL
60,0.65,277,NORMAL
71,0.42,274,NORMAL
57,1.1,329,NORMAL
36,1.13,338,NORMAL
44,0.85,320,NORMAL
57,0.95,347,CRITICAL
69,1.13,347,NORMAL
72,1.09,318,WARNING
74,0.73,251,WARNING
49,0.41,332,NORMAL
70,0.78,340,CRITICAL
73,0.58,316,NORMAL
40,0.79,349,NORMAL
57,0.25,250,NORMAL
39,1.11,338,NORMAL
66,0.29,269,NORMAL
63,0.6,271,NORMAL
48,0.79,331,NORMAL
72,0.84,344,NORMAL
51,0.58,265,NORMAL
77,1.11,331,WARNING
55,0.82,337,NORMAL
64,0.67,314,NORMAL
77,0.44,348,NORMAL
50,1.07,341,NORMAL
50,0.46,321,NORMAL
73,0.8,327,WARNING
38,0.9,335,NORMAL
49,0.33,279,NORMAL
76,0.44,251,NORMAL
59,0.78,337,NORMAL
75,1.06,330,NORMAL
65,0.99,335,WARNING
51,0.29,348,CRITICAL
81,0.66,300,CRITICAL
41,1.02,296,NORMAL
53,0.25,325,NORMAL
77,0.58,250,NORMAL
84,0.7,323,CRITICAL
77,0.97,347,NORMAL
43,0.35,331,NORMAL
52,0.85,306,WARNING
82,0.75,289,NORMAL
39,0.95,318,NORMAL
71,0.38,341,NORMAL
73,0.6,271,CRITICAL
36,0.97,311,NORMAL
62,0.35,255,NORMAL
75,0.98,294,CRITICAL
63,1.13,294,NORMAL
43,0.27,331,CRITICAL
69,0.23,259,NORMAL
47,0.8,324,CRITICAL
76,0.74,274,NORMAL
78,0.33,293,NORMAL
42,1.16,305,NORMAL
68,0.44,309,NORMAL
67,0.25,253,NORMAL
44,1.14,285,NORMAL
71,0.92,273,CRITICAL
75,0.37,322,WARNING
44,0.37,271,NORMAL
56,0.98,283,WARNING
48,0.37,318,NORMAL
50,0.49,337,NORMAL
77,0.24,317,NORMAL
59,0.42,297,CRITICAL
45,0.89,323,NORMAL
81,0.34,341,NORMAL
37,1.0,277,NORMAL
41,0.64,313,NORMAL
69,0.39,282,NORMAL
46,1.2,286,WARNING
36,0.91,303,NORMAL
47,0.75,265,NORMAL
35,0.2,337,NORMAL
40,1.07,253,NORMAL
52,1.12,346,NORMAL
68,1.04,348,CRITICAL
61,1.2,274,WARNING
40,0.26,339,NORMAL
35,1.09,348,NORMAL
47,0.53,315,CRITICAL
53,0.7,256,NORMAL
44,0.98,272,NORMAL
40,0.91,344,CRITICAL
77,0.42,335,NORMAL
67,0.73,273,NORMAL
78,0.76,262,NORMAL
40,0.42,321,CRITICAL
70,0.42,267,NORMAL
35,1.07,253,CRITICAL
44,0.85,282,NORMAL
76,1.16,287,NORMAL
71,0.34,315,NORMAL
73,0.94,284,NORMAL
78,0.41,305,NORMAL
45,1.08,328,NORMAL
39,0.5,308,CRITICAL
59,0.35,350,NORMAL
64,0.67,322,NORMAL
36,0.4,261,NORMAL
60,0.7,258,NORMAL
53,0.76,268,WARNING
78,0.53,263,WARNING
72,0.32,268,NORMAL
39,0.67,346,NORMAL
69,0.38,333,CRITICAL
40,0.87,288,NORMAL
49,1.02,256,NORMAL
35,0.24,329,NORMAL
84,0.53,253,NORMAL
60,0.74,312,NORMAL
77,1.09,325,NORMAL
80,0.94,264,NORMAL
54,1.01,338,NORMAL
41,0.21,262,NORMAL
75,1.06,252,WARNING
72,0.5,295,NORMAL
52,0.49,309,WARNING
43,0.49,320,NORMAL
72,1.17,311,WARNING
58,0.65,283,NORMAL
84,0.55,329,NORMAL
39,0.76,253,CRITICAL
82,1.08,347,NORMAL
82,1.2,313,NORMAL
62,0.3,313,NORMAL
80,0.26,285,NORMAL
70,0.23,280,CRITICAL
78,0.95,311,WARNING
46,0.3,318,NORMAL
38,0.88,348,WARNING
55,0.2,292,NORMAL
83,0.97,261,NORMAL
80,0.67,337,NORMAL
67,1.12,265,NORMAL
59,0.52,270,NORMAL
79,0.26,267,NORMAL
54,0.54,324,WARNING
77,0.4,293,NORMAL
48,0.94,347,NORMAL
73,0.91,331,NORMAL
79,0.47,340,WARNING
85,1.19,257,NORMAL
54,0.57,284,NORMAL
40,0.41,256,NORMAL
42,1.14,346,NORMAL
55,0.33,333,NORMAL
69,0.96,280,NORMAL
47,1.17,266,NORMAL
80,0.54,304,WARNING
85,0.75,344,CRITICAL
36,0.49,263,NORMAL
80,0.58,317,NORMAL
58,1.07,302,NORMAL
69,0.22,253,CRITICAL
57,0.52,338,NORMAL
70,0.25,279,NORMAL
83,0.35,265,CRITICAL
40,0.95,337,CRITICAL
46,0.41,308,NORMAL
50,0.27,271,WARNING
80,1.08,313,NORMAL
58,1.06,294,NORMAL
53,1.19,334,WARNING
83,0.79,296,CRITICAL
55,0.23,320,NORMAL
55,0.84,272,WARNING
54,1.15,271,NORMAL
56,0.92,323,CRITICAL
57,0.88,265,NORMAL
53,0.8,282,NORMAL
38,0.45,350,NORMAL
47,0.96,346,NORMAL
43,1.13,271,NORMAL
40,0.97,300,NORMAL
73,0.36,272,CRITICAL
75,0.95,314,NORMAL
41,0.94,324,NORMAL
60,0.27,341,WARNING
70,1.05,258,NORMAL
77,0.23,267,CRITICAL
78,1.09,321,WARNING
71,1.04,252,NORMAL
56,0.51,298,WARNING
66,1.03,308,NORMAL
83,0.2,263,CRITICAL
78,0.67,252,NORMAL
72,0.68,266,WARNING
73,0.22,260,NORMAL
70,0.85,264,CRITICAL
56,0.43,326,NORMAL
66,0.78,285,NORMAL
68,0.47,333,NORMAL
48,0.45,303,NORMAL
69,0.7,337,NORMAL
62,0.31,272,NORMAL
40,0.55,280,WARNING
67,0.72,275,WARNING
42,1.2,317,NORMAL
46,0.22,308,NORMAL
62,0.95,266,WARNING
58,0.83,258,NORMAL
62,0.64,250,NORMAL
76,1.0,274,NORMAL
35,0.48,255,CRITICAL
45,0.83,269,NORMAL
80,1.14,337,NORMAL
54,0.9,296,NORMAL
52,0.62,330,WARNING
83,0.66,279,NORMAL
52,0.96,270,WARNING
49,0.38,253,CRITICAL
43,0.24,262,WARNING
38,0.48,259,NORMAL
70,0.6,320,NORMAL
35,1.11,327,NORMAL
45,1.17,347,CRITICAL
76,0.69,267,WARNING
35,0.59,324,NORMAL
75,0.89,308,CRITICAL
64,0.44,320,NORMAL
61,1.15,329,NORMAL
35,0.74,291,NORMAL
47,0.34,293,WARNING
69,0.67,342,CRITICAL
68,0.55,329,WARNING
70,0.64,301,NORMAL
70,0.4,257,NORMAL
82,0.71,329,NORMAL
58,1.04,267,NORMAL
77,0.81,344,NORMAL
37,0.38,261,NORMAL
64,1.08,328,NORMAL
35,0.44,254,NORMAL
42,0.51,292,NORMAL
66,0.99,339,NORMAL
44,0.33,267,NORMAL
65,0.27,313,NORMAL
54,1.04,290,CRITICAL
45,0.47,277,CRITICAL
61,0.74,316,NORMAL
35,0.62,298,NORMAL
80,0.57,324,NORMAL
84,0.47,301,NORMAL
71,0.56,318,NORMAL
39,0.35,254,NORMAL
49,1.04,257,NORMAL
44,1.09,317,NORMAL
58,0.82,274,NORMAL
42,0.48,264,NORMAL
70,0.71,305,NORMAL
49,0.53,325,CRITICAL
75,0.72,304,NORMAL
40,0.75,309,NORMAL
81,0.46,339,NORMAL
65,0.91,315,NORMAL
56,0.42,284,NORMAL
44,0.38,293,NORMAL
83,1.0,308,NORMAL
42,0.29,335,NORMAL
57,1.14,310,NORMAL
49,1.19,276,WARNING
56,0.99,250,NORMAL
79,0.6,284,NORMAL
57,0.69,263,WARNING
75,0.35,304,NORMAL
38,0.49,319,WARNING
48,0.7,341,NORMAL
60,0.75,309,NORMAL
81,1.06,286,NORMAL
74,0.55,342,NORMAL
44,0.24,333,WARNING
58,0.87,319,NORMAL
77,1.0,290,NORMAL
40,0.67,283,WARNING
64,0.36,260,NORMAL
45,0.99,257,NORMAL
61,0.87,264,NORMAL
67,0.72,331,CRITICAL
49,1.11,304,NORMAL
59,0.93,324,NORMAL
79,0.51,335,NORMAL
37,0.61,329,NORMAL
36,0.66,261,WARNING
60,0.24,275,NORMAL
39,0.59,332,CRITICAL
35,0.7,326,NORMAL
60,0.82,252,WARNING
75,1.08,325,NORMAL
43,1.03,318,NORMAL
48,0.75,286,WARNING
36,0.79,266,NORMAL
58,0.25,301,CRITICAL
50,0.23,295,CRITICAL
36,1.11,302,WARNING
43,0.97,332,WARNING
66,0.82,332,NORMAL
35,0.73,323,NORMAL
40,1.02,300,WARNING
72,1.14,277,NORMAL
55,1.11,272,WARNING
56,0.73,305,NORMAL
75,0.89,251,NORMAL
84,0.3,269,WARNING
52,0.93,306,NORMAL
74,0.54,344,NORMAL
70,0.78,316,NORMAL
47,1.09,319,NORMAL
85,1.15,290,CRITICAL
52,0.78,250,NORMAL
57,0.65,320,CRITICAL
48,0.79,286,NORMAL
71,1.07,317,NORMAL
78,0.69,314,WARNING
38,0.23,314,NORMAL
73,1.13,323,NORMAL
51,0.94,250,NORMAL
37,0.76,313,NORMAL
73,0.47,334,CRITICAL
52,0.96,253,NORMAL
47,1.02,329,NORMAL
72,0.99,339,NORMAL
54,1.15,332,NORMAL
39,0.35,324,CRITICAL
39,0.26,272,WARNING
40,0.84,293,WARNING
58,0.74,264,NORMAL
71,0.46,252,NORMAL
58,0.86,308,NORMAL
71,0.7,326,CRITICAL
79,0.8,324,NORMAL
76,1.0,309,WARNING
60,0.89,305,WARNING
61,0.59,285,NORMAL
85,0.81,308,NORMAL
51,1.06,281,CRITICAL
74,0.58,348,WARNING
48,1.07,344,NORMAL
38,1.13,301,NORMAL
45,1.13,273,WARNING
50,0.34,315,NORMAL
51,0.64,317,NORMAL
40,0.54,288,WARNING
46,1.09,264,NORMAL
46,0.49,296,NORMAL
66,1.01,303,WARNING
77,0.47,277,CRITICAL
58,0.68,308,NORMAL
51,0.3,314,NORMAL
46,0.4,271,CRITICAL
35,0.42,327,WARNING
38,1.18,271,NORMAL
66,0.64,335,NORMAL
69,1.07,259,WARNING
47,1.09,327,WARNING
66,0.97,319,CRITICAL
71,0.75,266,NORMAL
68,0.86,282,NORMAL
57,1.01,275,NORMAL
82,0.77,273,CRITICAL
79,0.97,289,NORMAL
53,0.93,309,WARNING
49,0.47,341,NORMAL
60,0.61,301,NORMAL
81,0.32,287,WARNING
44,1.04,304,NORMAL
49,0.53,311,WARNING
43,0.82,310,NORMAL
74,1.03,332,CRITICAL
84,0.58,336,NORMAL
80,0.98,266,NORMAL
40,1.17,281,CRITICAL
52,0.29,311,NORMAL
49,1.15,339,NORMAL
46,0.67,284,WARNING
55,0.72,257,WARNING
64,0.23,338,WARNING
47,0.99,316,NORMAL
42,0.92,278,WARNING
81,0.3,269,NORMAL
43,0.86,318,CRITICAL
68,1.17,270,CRITICAL
47,0.74,304,CRITICAL
59,0.67,312,NORMAL
63,0.53,274,NORMAL
75,0.75,331,NORMAL
61,0.64,289,CRITICAL
82,1.09,272,NORMAL
72,0.37,273,NORMAL
45,0.31,342,NORMAL
53,0.32,325,NORMAL
77,0.73,287,NORMAL
73,0.62,301,NORMAL
79,0.6,252,NORMAL
58,0.84,347,NORMAL
50,0.89,319,NORMAL
67,0.94,267,WARNING
82,0.63,320,NORMAL
42,0.52,306,NORMAL
67,0.9,303,NORMAL
61,1.18,282,NORMAL
78,1.07,256,NORMAL
48,0.51,316,NORMAL
55,1.0,262,NORMAL
63,0.89,308,NORMAL
42,0.54,282,WARNING
74,0.72,251,NORMAL
56,1.09,257,NORMAL
44,0.58,348,NORMAL
38,0.55,297,WARNING
62,0.45,347,NORMAL
51,0.39,310,WARNING
64,0.52,309,NORMAL
62,1.02,258,WARNING
37,0.94,341,NORMAL
77,0.46,290,NORMAL
59,0.82,261,NORMAL
46,0.82,279,NORMAL
75,0.84,328,NORMAL
59,1.09,253,NORMAL
44,0.89,321,NORMAL
47,0.5,345,NORMAL
42,0.79,296,NORMAL
74,0.64,266,WARNING
61,1.05,342,WARNING
61,0.81,340,NORMAL
36,0.64,260,NORMAL
72,0.68,292,NORMAL
83,0.8,258,NORMAL
47,1.1,266,WARNING
38,0.62,342,WARNING
57,0.63,291,NORMAL
37,0.23,269,NORMAL
69,0.83,296,NORMAL
57,0.27,291,NORMAL
42,0.65,270,NORMAL
48,0.62,321,NORMAL
52,0.45,296,NORMAL
74,0.86,309,NORMAL
61,0.56,311,NORMAL
37,0.75,338,WARNING
57,0.71,343,NORMAL
44,0.59,265,NORMAL
41,0.35,311,NORMAL
78,0.86,297,NORMAL
52,0.63,285,NORMAL
40,0.99,289,NORMAL
44,0.72,350,NORMAL
37,0.95,253,NORMAL
78,1.17,270,NORMAL
84,0.77,302,NORMAL
60,1.07,287,NORMAL
70,0.7,342,NORMAL
81,0.42,309,WARNING
47,1.01,268,NORMAL
62,0.39,306,CRITICAL
79,0.53,278,NORMAL
59,0.6,292,WARNING
63,0.97,327,NORMAL
45,0.62,348,CRITICAL
53,0.58,335,NORMAL
53,1.03,276,NORMAL
37,0.64,339,NORMAL
83,0.36,280,NORMAL
59,0.52,259,NORMAL
82,0.6,316,NORMAL
80,0.28,261,WARNING
43,0.56,306,NORMAL
81,1.04,337,WARNING
70,0.26,308,NORMAL
65,1.19,301,NORMAL
39,0.55,292,NORMAL
85,0.55,272,NORMAL
46,0.73,313,NORMAL
70,0.49,262,CRITICAL
75,0.68,343,NORMAL
55,0.94,349,NORMAL
81,0.27,308,NORMAL
69,0.92,275,NORMAL
44,0.5,298,CRITICAL
64,0.77,330,NORMAL
61,1.01,293,NORMAL
69,0.84,292,NORMAL
80,0.37,280,NORMAL
43,1.1,290,NORMAL
65,0.21,288,WARNING
59,0.92,274,NORMAL
43,0.95,303,WARNING
50,0.74,348,NORMAL
69,1.11,262,NORMAL
59,0.85,318,WARNING
75,0.72,348,WARNING
66,1.14,344,NORMAL
50,0.84,288,NORMAL
79,0.83,336,NORMAL
56,0.74,260,NORMAL
48,0.85,319,NORMAL
48,0.87,317,CRITICAL
72,0.52,295,NORMAL
49,1.1,286,CRITICAL
63,0.65,284,NORMAL
57,1.17,286,NORMAL
56,0.23,333,NORMAL
58,0.52,322,NORMAL
54,0.65,270,NORMAL
40,0.28,346,NORMAL
54,0.21,315,WARNING
59,0.73,343,NORMAL
57,0.88,256,NORMAL
55,0.42,273,NORMAL
71,0.64,335,CRITICAL
81,0.7,311,NORMAL
81,0.74,251,WARNING
67,0.27,305,NORMAL
48,0.46,258,CRITICAL
59,0.98,348,NORMAL
72,0.67,297,NORMAL
48,0.34,258,NORMAL
77,0.43,330,NORMAL
44,0.26,304,NORMAL
45,0.61,294,NORMAL
52,0.24,264,CRITICAL
67,1.02,281,CRITICAL
40,1.1,308,NORMAL
54,0.26,309,CRITICAL
54,1.15,304,NORMAL
39,0.56,284,NORMAL
38,1.18,251,CRITICAL
60,0.23,312,NORMAL
55,1.18,266,NORMAL
70,0.89,296,WARNING
35,0.43,312,NORMAL
85,0.6,305,NORMAL
80,0.4,306,NORMAL
38,0.65,335,WARNING
36,0.98,267,NORMAL
35,1.17,315,NORMAL
48,0.32,326,NORMAL
39,0.44,309,NORMAL
59,0.41,252,NORMAL
54,0.35,274,NORMAL
41,0.62,261,NORMAL
59,0.46,335,NORMAL
47,0.39,292,NORMAL
61,0.22,323,WARNING
60,0.72,312,WARNING
51,1.13,272,NORMAL
67,1.1,319,WARNING
76,0.28,331,NORMAL
40,1.02,287,CRITICAL
64,1.2,343,NORMAL
70,1.11,311,NORMAL
72,0.85,326,WARNING
44,0.51,342,NORMAL
64,0.63,256,NORMAL
35,1.17,301,CRITICAL
35,0.28,293,NORMAL
39,0.28,310,NORMAL
67,0.75,288,NORMAL
55,0.57,294,NORMAL
67,0.57,346,NORMAL
81,0.24,317,NORMAL
37,0.7,255,NORMAL
80,1.17,339,NORMAL
39,0.27,316,NORMAL
81,0.31,318,CRITICAL
38,0.82,267,NORMAL
68,0.45,326,NORMAL
45,0.23,279,CRITICAL
63,0.39,250,NORMAL
76,0.84,341,NORMAL
77,0.51,252,NORMAL
70,0.83,266,NORMAL
35,0.88,308,NORMAL
51,0.33,325,NORMAL
74,0.66,296,NORMAL
79,0.52,250,NORMAL
48,0.83,333,NORMAL
84,1.05,306,NORMAL
73,0.51,255,NORMAL
65,1.04,256,NORMAL
64,1.13,317,NORMAL
71,0.83,348,CRITICAL
74,0.85,278,CRITICAL
40,1.08,273,NORMAL
53,0.63,296,NORMAL
81,0.67,281,NORMAL
72,0.51,276,WARNING
47,0.67,291,NORMAL
63,0.56,331,NORMAL
36,0.5,350,NORMAL
73,0.53,302,NORMAL
80,1.1,330,NORMAL
70,0.26,286,NORMAL
48,0.46,257,NORMAL
40,0.8,253,NORMAL
81,1.15,342,NORMAL
51,0.21,348,NORMAL
65,0.23,342,NORMAL
48,1.18,307,WARNING
79,1.07,299,NORMAL
65,0.62,294,WARNING
42,0.5,258,CRITICAL
65,1.04,305,NORMAL
75,0.79,342,WARNING
73,0.76,321,NORMAL
83,0.91,304,NORMAL
61,0.28,318,NORMAL
53,1.07,254,NORMAL
60,0.92,309,NORMAL
53,0.65,325,NORMAL
63,0.71,345,WARNING
49,0.84,296,NORMAL
46,0.3,285,NORMAL
84,0.76,314,WARNING
80,0.61,350,NORMAL
62,0.87,346,NORMAL
68,0.43,325,NORMAL
48,0.5,289,NORMAL
84,0.66,312,NORMAL
75,0.3,310,NORMAL
59,0.65,322,NORMAL
57,1.06,255,NORMAL
56,0.77,291,CRITICAL
63,1.07,345,WARNING
80,0.29,349,NORMAL
73,0.27,262,CRITICAL
68,0.25,313,WARNING
68,0.24,309,CRITICAL
51,1.08,341,NORMAL
70,0.54,341,NORMAL
73,0.49,300,WARNING
48,0.45,347,NORMAL
59,0.89,269,NORMAL
56,0.82,310,NORMAL
37,0.49,278,NORMAL
71,1.09,317,NORMAL
59,0.57,277,NORMAL
53,1.08,307,NORMAL
84,0.46,261,NORMAL
51,0.55,306,NORMAL
42,0.38,325,NORMAL
37,0.62,316,NORMAL
53,1.0,325,CRITICAL
42,0.56,288,NORMAL
64,1.03,301,WARNING
71,0.24,323,NORMAL
59,0.35,272,NORMAL
75,0.5,275,CRITICAL
44,0.94,279,WARNING
78,1.02,286,NORMAL
53,0.31,267,NORMAL
71,1.13,300,NORMAL
74,0.52,336,NORMAL
61,0.39,290,WARNING
64,0.82,284,NORMAL
76,0.94,302,NORMAL
46,1.16,272,NORMAL
53,0.86,339,NORMAL
50,0.42,312,WARNING
81,0.93,268,CRITICAL
84,0.94,268,WARNING
48,0.25,345,NORMAL
63,1.16,332,NORMAL
73,0.45,302,NORMAL
77,0.55,324,NORMAL
61,0.67,314,NORMAL
64,0.94,273,NORMAL
37,0.21,310,WARNING
46,0.45,276,WARNING
78,0.88,258,NORMAL
41,0.53,298,CRITICAL
84,0.56,292,NORMAL
40,1.0,252,NORMAL
67,0.89,266,NORMAL
56,0.65,256,NORMAL
59,1.07,294,NORMAL
57,0.8,329,NORMAL
38,0.23,267,WARNING
71,0.49,279,NORMAL
74,0.67,340,NORMAL
80,1.11,250,NORMAL
71,0.86,318,CRITICAL
73,0.33,253,NORMAL
63,0.84,292,WARNING
45,0.37,345,NORMAL
83,0.88,279,NORMAL
73,0.99,313,NORMAL
63,0.32,287,CRITICAL
48,0.34,267,CRITICAL
67,0.79,346,CRITICAL
45,0.86,346,NORMAL
45,0.92,345,NORMAL
85,1.05,288,NORMAL
74,1.11,250,NORMAL
84,0.9,282,CRITICAL
51,0.79,311,WARNING
35,0.21,289,NORMAL
38,0.83,278,NORMAL
63,0.42,346,NORMAL
76,1.12,274,NORMAL
67,0.62,323,WARNING
41,1.11,275,CRITICAL
41,0.42,263,NORMAL
75,0.62,254,NORMAL
51,1.16,332,NORMAL
81,0.84,319,NORMAL
77,0.98,281,NORMAL
42,0.82,253,NORMAL
64,0.84,326,WARNING
85,1.14,305,NORMAL
56,0.49,281,WARNING
64,0.74,318,NORMAL
65,1.18,268,NORMAL
69,1.03,254,NORMAL
83,0.89,292,WARNING
44,0.5,260,NORMAL
81,0.92,340,NORMAL
58,1.18,281,NORMAL
69,1.05,275,NORMAL
52,1.02,273,NORMAL
41,0.87,305,NORMAL
37,0.79,348,NORMAL
85,0.21,262,NORMAL
67,0.48,260,CRITICAL
42,0.64,331,NORMAL
81,0.63,313,NORMAL
81,1.1,320,CRITICAL
63,0.37,273,WARNING
59,1.06,316,NORMAL
52,1.1,324,NORMAL
80,0.79,268,CRITICAL
61,0.75,279,NORMAL
79,0.78,257,NORMAL
67,0.59,304,WARNING
77,1.01,279,NORMAL
63,0.67,310,NORMAL
61,0.95,290,WARNING
78,1.19,327,NORMAL
77,0.68,250,NORMAL
36,0.65,298,NORMAL
57,0.25,286,WARNING
40,0.6,346,NORMAL
59,0.93,340,CRITICAL
44,0.75,313,NORMAL
50,0.35,318,NORMAL
63,1.1,304,NORMAL
63,0.48,317,NORMAL
57,0.69,328,NORMAL
69,0.59,317,NORMAL
69,1.16,286,NORMAL
81,0.29,266,NORMAL
64,0.58,265,NORMAL
42,1.03,317,NORMAL
45,0.51,258,WARNING
67,0.21,305,NORMAL
60,0.97,297,NORMAL
76,0.21,262,NORMAL
73,0.34,295,NORMAL
67,0.52,261,CRITICAL
68,0.98,295,NORMAL
77,0.85,327,NORMAL
76,0.57,327,WARNING
52,0.35,342,NORMAL
47,0.69,304,NORMAL
46,0.34,312,WARNING
82,1.14,313,NORMAL
52,0.35,256,NORMAL
41,0.62,335,NORMAL
76,0.29,283,WARNING
63,0.66,267,NORMAL
64,0.42,328,CRITICAL
68,0.23,307,CRITICAL
42,1.15,256,NORMAL
63,1.17,271,NORMAL
83,0.53,292,NORMAL
35,0.55,294,NORMAL
74,0.96,334,NORMAL
36,0.26,288,NORMAL
64,0.61,298,NORMAL
85,0.81,329,CRITICAL
37,0.67,300,NORMAL
44,0.86,309,WARNING
79,1.14,261,NORMAL
73,0.38,342,WARNING
65,0.87,305,WARNING
59,1.06,277,CRITICAL
40,0.29,308,CRITICAL
45,1.06,253,NORMAL
61,1.13,336,WARNING
65,0.61,281,NORMAL
35,1.0,255,WARNING
41,1.03,261,NORMAL
37,0.45,328,WARNING
75,0.67,289,NORMAL
54,0.84,331,NORMAL
73,0.7,302,NORMAL
84,0.74,270,NORMAL
67,0.71,301,NORMAL
36,0.67,303,NORMAL
55,0.5,283,NORMAL
65,0.84,257,NORMAL
78,1.08,260,NORMAL
63,0.94,266,WARNING
57,0.91,333,CRITICAL
61,0.58,308,NORMAL
83,0.83,327,NORMAL
54,0.76,264,NORMAL
65,1.2,325,NORMAL
77,0.2,342,NORMAL
59,0.91,291,NORMAL
72,0.3,284,CRITICAL
45,0.73,278,NORMAL
57,0.81,322,NORMAL
81,0.37,331,CRITICAL
62,0.99,310,NORMAL
81,0.57,293,NORMAL
66,0.52,312,NORMAL
62,0.86,338,NORMAL
72,0.81,269,NORMAL
45,0.48,251,NORMAL
50,0.79,347,WARNING
67,0.97,281,NORMAL
73,0.55,296,NORMAL
54,0.33,327,NORMAL
66,0.33,260,WARNING
50,0.91,319,CRITICAL
48,0.38,252,WARNING
79,0.37,310,NORMAL
55,0.45,261,CRITICAL
80,0.21,320,WARNING
47,0.93,346,NORMAL
46,0.66,333,NORMAL
85,0.85,342,NORMAL
75,0.64,268,NORMAL
73,0.51,347,NORMAL
81,0.7,261,NORMAL
63,1.19,255,NORMAL
69,1.02,328,CRITICAL
50,0.69,250,CRITICAL
79,0.97,321,CRITICAL
61,0.62,339,NORMAL
52,0.95,295,NORMAL
73,0.92,290,NORMAL
46,0.28,272,NORMAL
85,0.86,324,WARNING
52,0.83,310,NORMAL
40,1.05,327,WARNING
54,0.69,314,NORMAL
36,0.86,266,WARNING
35,0.79,299,NORMAL
71,0.5,256,WARNING
45,0.27,332,NORMAL
59,0.42,270,CRITICAL
58,0.9,271,WARNING
35,0.28,305,NORMAL
39,0.36,303,WARNING
63,0.44,302,NORMAL
38,1.05,253,WARNING
84,0.94,323,WARNING
59,0.42,265,NORMAL
69,0.53,291,NORMAL
69,0.78,324,NORMAL
49,0.9,276,NORMAL
57,0.58,269,NORMAL
77,0.7,300,NORMAL
55,1.0,291,WARNING
54,0.53,337,NORMAL
37,0.69,271,WARNING
76,0.46,287,CRITICAL
47,0.25,297,NORMAL
56,0.39,298,WARNING
55,0.3,337,NORMAL
85,1.16,349,WARNING
83,0.34,313,CRITICAL
63,0.77,267,NORMAL
58,0.72,263,NORMAL
79,0.38,320,NORMAL
57,0.96,348,NORMAL
54,0.45,326,NORMAL
67,0.99,288,NORMAL
39,0.94,259,WARNING
42,0.37,347,CRITICAL
46,1.1,260,NORMAL
75,0.56,322,NORMAL
42,1.14,309,NORMAL
42,0.49,263,CRITICAL
49,0.24,273,NORMAL
54,0.66,287,NORMAL
45,0.91,261,NORMAL
74,0.66,292,NORMAL
61,0.56,318,NORMAL
56,0.6,270,NORMAL
36,0.66,329,NORMAL
63,0.51,347,WARNING
35,0.2,342,NORMAL
55,0.36,314,NORMAL
44,0.45,288,NORMAL
58,1.1,319,NORMAL
69,0.83,329,NORMAL
38,1.04,252,NORMAL
54,0.24,346,NORMAL
55,0.81,311,NORMAL
81,0.25,286,NORMAL
55,0.46,293,NORMAL
46,0.63,293,WARNING
79,1.14,302,NORMAL
58,0.69,320,NORMAL
79,0.62,271,NORMAL
75,1.16,262,NORMAL
70,0.47,343,CRITICAL
83,0.44,263,NORMAL
77,1.0,306,NORMAL
74,0.71,289,NORMAL
82,0.92,340,WARNING
65,0.99,308,WARNING
76,1.06,265,NORMAL
63,0.56,292,NORMAL
51,1.01,334,WARNING
54,0.35,274,NORMAL
48,1.16,345,NORMAL
42,0.69,306,WARNING
38,0.83,279,CRITICAL
37,0.88,300,NORMAL
65,0.46,261,NORMAL
38,0.35,275,CRITICAL
52,0.92,265,NORMAL
62,0.98,318,NORMAL
56,0.73,304,CRITICAL
46,0.62,262,WARNING
69,1.09,278,NORMAL
51,1.02,298,NORMAL
47,0.99,272,NORMAL
41,1.15,321,NORMAL
50,0.34,304,WARNING
48,0.69,279,CRITICAL
64,0.6,266,NORMAL
76,0.72,282,NORMAL
50,0.57,340,NORMAL
68,0.94,332,NORMAL
73,0.57,343,WARNING
75,0.5,343,NORMAL
59,0.77,302,NORMAL
37,0.37,349,NORMAL
66,0.94,285,CRITICAL
73,0.87,314,NORMAL
61,0.76,311,WARNING
62,0.84,292,NORMAL
67,0.55,252,NORMAL
55,0.81,332,NORMAL
82,0.21,256,NORMAL
80,0.28,284,NORMAL
84,0.67,285,WARNING
38,0.6,323,NORMAL
74,0.69,317,NORMAL
61,0.61,254,CRITICAL
36,0.65,349,NORMAL
53,0.62,337,NORMAL
53,0.36,317,NORMAL
77,0.56,316,NORMAL
73,0.68,336,NORMAL
64,0.73,327,NORMAL
55,1.1,261,WARNING
45,0.7,258,NORMAL
38,0.63,304,CRITICAL
66,0.73,310,NORMAL
80,0.67,298,NORMAL
77,1.05,327,NORMAL
59,0.46,328,NORMAL
49,1.01,274,NORMAL
55,0.34,292,NORMAL
77,0.97,329,NORMAL
83,1.13,259,NORMAL
50,1.16,331,NORMAL
85,0.99,325,NORMAL
37,0.38,285,NORMAL
59,0.32,306,NORMAL
83,0.5,294,NORMAL
52,1.09,280,NORMAL
76,1.01,257,NORMAL
66,0.46,275,NORMAL
48,0.81,268,NORMAL
62,0.51,272,NORMAL
73,1.05,254,NORMAL
73,0.79,291,NORMAL
55,0.33,330,NORMAL
58,0.63,289,NORMAL
38,0.22,277,CRITICAL
79,0.74,326,WARNING
51,0.53,330,NORMAL
59,0.46,302,NORMAL
80,0.36,265,NORMAL
43,0.25,334,NORMAL
70,1.01,268,NORMAL
83,0.31,274,NORMAL
84,0.47,316,NORMAL
60,0.3,317,CRITICAL
83,0.32,262,WARNING
72,0.69,262,CRITICAL
58,0.42,263,NORMAL
78,0.27,315,NORMAL
82,0.49,262,NORMAL
79,0.91,315,NORMAL
75,0.49,335,NORMAL
42,1.16,321,NORMAL
85,0.33,294,WARNING
62,0.39,319,NORMAL
63,1.14,293,CRITICAL
81,0.39,273,CRITICAL
54,0.92,276,NORMAL
51,0.33,253,WARNING
57,0.66,304,NORMAL
56,0.89,251,WARNING
57,0.38,323,CRITICAL
57,0.9,328,NORMAL
48,0.56,317,NORMAL
57,0.82,273,NORMAL
84,1.03,332,NORMAL
55,0.85,283,NORMAL
35,0.64,274,NORMAL
44,1.06,288,WARNING
60,0.92,315,NORMAL
46,0.73,350,NORMAL
54,0.98,279,NORMAL
35,0.83,324,NORMAL
69,1.2,259,NORMAL
80,1.09,346,NORMAL
56,1.16,259,NORMAL
37,0.46,303,NORMAL
72,0.93,335,WARNING
60,0.47,340,NORMAL
72,0.72,296,WARNING
79,0.57,304,CRITICAL
72,0.26,325,NORMAL
63,1.16,339,NORMAL
48,0.59,275,NORMAL
35,1.17,293,WARNING
35,0.62,328,NORMAL
46,0.33,325,NORMAL
75,0.37,336,NORMAL
79,0.6,328,NORMAL
61,1.1,294,NORMAL
49,1.13,347,NORMAL
56,0.72,275,WARNING
80,0.36,265,NORMAL
50,1.02,306,NORMAL
42,1.14,250,NORMAL
46,0.81,284,NORMAL
70,0.25,346,NORMAL
64,0.87,333,NORMAL
35,0.8,328,NORMAL
59,0.58,324,NORMAL
65,0.65,330,NORMAL
77,0.84,266,WARNING
41,0.48,265,NORMAL
61,0.54,277,NORMAL
61,0.43,299,NORMAL
57,0.56,309,NORMAL
67,1.06,270,NORMAL
44,0.25,276,CRITICAL
58,0.9,327,NORMAL
37,0.58,274,NORMAL
62,0.21,312,NORMAL
58,0.21,267,NORMAL
57,0.99,274,NORMAL
56,0.21,271,NORMAL
44,0.84,307,WARNING
62,0.76,336,WARNING
36,0.33,296,NORMAL
40,0.85,317,NORMAL
71,0.91,256,NORMAL
85,0.54,303,NORMAL
51,0.7,291,NORMAL
37,0.77,348,NORMAL
56,0.82,327,NORMAL
48,0.31,270,CRITICAL
73,1.09,339,WARNING
39,0.48,288,NORMAL
48,0.59,293,NORMAL
45,0.21,328,CRITICAL
53,0.49,295,NORMAL
54,0.36,316,NORMAL
82,0.72,263,NORMAL
67,0.89,287,CRITICAL
82,1.11,328,NORMAL
82,0.88,306,NORMAL
42,1.16,267,NORMAL
41,0.63,250,NORMAL
37,1.13,342,NORMAL
67,0.73,330,WARNING
70,0.34,280,NORMAL
38,1.08,292,WARNING
74,0.35,340,NORMAL
78,0.6,266,CRITICAL
74,0.89,290,NORMAL
48,0.34,284,NORMAL
83,0.88,295,WARNING
58,0.24,347,NORMAL
56,0.43,272,WARNING
85,1.06,332,NORMAL
47,0.92,341,CRITICAL
56,0.2,318,CRITICAL
77,0.47,308,WARNING
36,0.55,309,NORMAL
61,0.36,276,NORMAL
69,0.7,317,NORMAL
57,0.51,286,NORMAL
46,0.39,278,NORMAL
63,0.91,268,NORMAL
73,1.04,300,NORMAL
57,1.12,316,NORMAL
84,0.23,348,NORMAL
36,0.38,301,NORMAL
36,1.19,262,NORMAL
69,0.73,333,NORMAL
77,0.32,322,NORMAL
59,0.35,350,NORMAL
46,1.2,323,NORMAL
57,1.19,303,NORMAL
75,0.59,279,NORMAL
75,0.97,266,NORMAL
59,0.35,327,NORMAL
70,0.85,330,NORMAL
63,1.13,290,NORMAL
60,0.97,303,WARNING
61,0.38,261,WARNING
54,1.06,292,NORMAL
48,0.3,291,NORMAL
75,0.38,253,NORMAL
77,0.87,300,NORMAL
42,0.25,297,WARNING
71,0.7,284,NORMAL
75,1.09,325,NORMAL
78,0.41,322,WARNING
42,1.02,265,NORMAL
56,1.2,319,NORMAL
52,0.96,263,NORMAL
53,1.08,347,NORMAL
50,0.5,275,NORMAL
77,1.08,291,NORMAL
61,0.75,254,WARNING
66,0.36,341,NORMAL
77,0.97,285,NORMAL
67,0.37,258,NORMAL
41,0.92,339,NORMAL
63,0.68,278,NORMAL
35,0.86,289,NORMAL
51,0.21,314,NORMAL
40,0.89,323,NORMAL
35,0.83,305,WARNING
54,0.72,350,NORMAL
68,0.52,272,NORMAL
61,0.5,298,NORMAL
75,0.75,325,NORMAL
73,0.84,316,NORMAL
39,0.55,298,WARNING
70,1.19,340,CRITICAL
37,0.98,350,WARNING
60,0.46,277,WARNING
75,0.61,304,WARNING
82,0.24,321,NORMAL
61,0.51,283,NORMAL
76,0.48,294,NORMAL
46,1.11,342,NORMAL
55,0.74,306,NORMAL
49,0.98,282,NORMAL
78,0.77,303,NORMAL
75,0.55,342,NORMAL
47,0.9,281,NORMAL
62,0.25,308,NORMAL
38,0.23,259,NORMAL
37,0.3,276,NORMAL
68,0.42,295,NORMAL
37,1.03,340,NORMAL
36,0.87,260,CRITICAL
59,0.4,305,CRITICAL
43,0.59,339,WARNING
77,0.24,308,NORMAL
41,0.98,311,NORMAL
40,0.31,340,NORMAL
53,0.58,340,NORMAL
60,1.08,320,NORMAL
42,0.44,271,NORMAL
46,0.4,333,NORMAL
72,1.04,279,NORMAL
50,0.36,302,NORMAL
40,0.98,326,NORMAL
47,0.56,340,CRITICAL
57,0.55,331,NORMAL
60,0.77,302,NORMAL
35,1.07,261,NORMAL
41,0.23,274,WARNING
64,1.15,257,NORMAL
62,0.22,315,NORMAL
64,1.12,279,NORMAL
69,0.51,263,NORMAL
75,0.67,310,NORMAL
79,0.71,306,NORMAL
72,0.66,276,NORMAL
60,0.64,344,NORMAL
78,1.18,294,NORMAL
78,0.8,338,NORMAL
67,0.29,301,NORMAL
36,0.27,253,NORMAL
64,1.13,346,NORMAL
44,0.56,282,NORMAL
71,0.23,274,NORMAL
44,0.67,302,WARNING
45,1.09,331,NORMAL
72,0.53,308,WARNING
53,0.67,296,NORMAL
55,1.05,311,NORMAL
65,1.08,270,NORMAL
78,0.35,324,WARNING
47,0.23,299,NORMAL
66,0.56,283,WARNING
61,0.4,349,NORMAL
75,1.19,285,NORMAL
83,0.51,254,NORMAL
53,0.52,303,NORMAL
68,0.24,315,NORMAL
41,0.48,250,CRITICAL
61,0.29,305,NORMAL
39,0.65,316,NORMAL
63,0.46,294,NORMAL
41,0.75,344,NORMAL
38,0.79,348,NORMAL
65,1.17,290,NORMAL
62,0.6,279,NORMAL
65,0.52,253,NORMAL
84,0.68,287,WARNING
77,0.46,336,WARNING
63,1.16,347,NORMAL
51,1.08,338,WARNING
60,0.23,298,NORMAL
39,0.55,257,NORMAL
53,0.37,329,CRITICAL
38,0.56,281,NORMAL
65,0.72,314,WARNING
79,0.22,275,NORMAL
55,0.6,262,NORMAL
85,0.2,300,WARNING
68,0.73,262,WARNING
84,0.72,266,NORMAL
77,1.08,346,CRITICAL
36,0.84,347,NORMAL
57,0.59,343,NORMAL
69,0.79,346,NORMAL
39,0.84,315,NORMAL
59,0.4,336,NORMAL
52,1.16,299,NORMAL
52,0.96,308,NORMAL
58,0.72,346,NORMAL
64,0.61,319,CRITICAL
53,1.14,306,NORMAL
79,0.37,301,NORMAL
79,0.83,341,NORMAL
69,0.33,275,CRITICAL
58,0.77,349,NORMAL
44,0.29,275,NORMAL
60,0.72,296,NORMAL
40,1.09,319,NORMAL
59,0.51,277,NORMAL
55,0.74,314,NORMAL
52,0.3,321,NORMAL
70,1.02,288,NORMAL
68,1.07,282,NORMAL
64,0.86,335,WARNING
83,0.98,256,NORMAL
79,0.71,329,NORMAL
43,1.14,347,NORMAL
38,0.83,277,NORMAL
39,0.88,337,WARNING
65,1.14,287,WARNING
71,1.01,282,NORMAL
46,0.45,263,NORMAL
66,0.54,301,NORMAL
43,0.35,304,WARNING
72,0.36,331,NORMAL
52,0.44,267,NORMAL
45,1.14,261,NORMAL
76,1.11,273,NORMAL
66,0.37,270,WARNING
83,0.51,294,NORMAL
69,0.42,308,WARNING
75,0.5,278,NORMAL
55,1.0,311,WARNING
48,0.95,265,NORMAL
59,0.51,290,NORMAL
73,0.73,279,NORMAL
60,0.73,321,NORMAL
62,1.19,259,WARNING
58,0.65,252,NORMAL
68,0.85,319,NORMAL
59,1.11,272,CRITICAL
70,0.56,319,NORMAL
59,0.73,278,NORMAL
82,1.03,350,NORMAL
57,0.62,258,NORMAL
50,0.29,290,NORMAL
53,0.34,310,NORMAL
66,0.51,327,NORMAL
58,0.38,316,CRITICAL
77,0.95,256,WARNING
66,0.85,300,WARNING
80,0.82,344,WARNING
53,0.49,312,WARNING
52,0.99,268,NORMAL
47,1.13,279,NORMAL
67,1.06,304,NORMAL
70,0.89,300,NORMAL
52,0.84,272,NORMAL
84,0.82,300,NORMAL
76,0.52,337,NORMAL
58,1.16,309,NORMAL
42,1.19,347,NORMAL
83,0.82,338,WARNING
60,1.06,320,NORMAL
42,1.14,344,NORMAL
36,0.92,294,NORMAL
57,0.57,277,CRITICAL
39,1.06,251,NORMAL
81,1.09,333,NORMAL
64,0.24,264,NORMAL
76,0.3,268,NORMAL
77,0.96,321,NORMAL
49,0.39,314,NORMAL
60,0.72,304,NORMAL
42,0.27,326,WARNING
66,0.59,332,NORMAL
55,0.3,289,NORMAL
36,0.21,336,NORMAL
53,1.08,349,WARNING
41,0.94,313,NORMAL
48,1.09,303,CRITICAL
75,0.63,313,NORMAL
61,1.2,331,CRITICAL
69,0.86,340,NORMAL
60,0.87,343,NORMAL
47,0.3,348,NORMAL
59,0.59,257,NORMAL
48,0.29,327,WARNING
36,0.53,313,NORMAL
35,0.35,263,NORMAL
63,1.09,335,CRITICAL
37,0.22,250,NORMAL
63,0.64,312,NORMAL
62,0.36,257,CRITICAL
54,0.81,327,NORMAL
41,0.56,321,NORMAL
48,0.87,254,NORMAL
54,0.72,303,WARNING
47,1.09,332,CRITICAL
84,0.37,272,CRITICAL
40,1.0,275,WARNING
38,0.38,284,NORMAL
82,0.98,290,WARNING
84,0.2,292,NORMAL
55,0.62,341,NORMAL
36,0.99,298,NORMAL
71,1.1,344,CRITICAL
79,0.49,335,NORMAL
74,0.44,294,NORMAL
79,1.02,350,NORMAL
65,0.85,278,NORMAL
38,0.72,328,NORMAL
45,0.64,299,NORMAL
69,0.9,320,NORMAL
42,0.93,259,WARNING
40,1.14,285,WARNING
57,0.66,332,NORMAL
68,1.14,315,NORMAL
60,0.96,250,CRITICAL
35,0.51,282,NORMAL
56,1.19,279,NORMAL
40,0.58,342,NORMAL
62,1.1,345,WARNING
70,0.47,347,NORMAL
78,1.15,308,NORMAL
80,0.4,252,NORMAL
36,0.71,312,NORMAL
56,1.09,276,NORMAL
40,0.35,288,NORMAL
50,0.34,329,CRITICAL
55,0.81,333,NORMAL
57,0.71,283,NORMAL
61,0.46,280,CRITICAL
45,0.54,293,NORMAL
85,0.67,286,NORMAL
75,0.24,309,NORMAL
40,0.83,310,NORMAL
44,0.82,336,NORMAL
44,1.08,280,CRITICAL
52,1.13,324,NORMAL
35,1.09,302,NORMAL
35,0.6,310,NORMAL
76,0.43,253,CRITICAL
50,0.4,306,NORMAL
74,0.73,263,NORMAL
55,0.74,284,NORMAL
73,0.34,275,NORMAL
67,0.42,329,NORMAL
42,0.3,318,NORMAL
39,0.93,289,NORMAL
82,0.44,314,NORMAL
48,0.98,310,NORMAL
41,0.31,322,NORMAL
59,0.21,253,WARNING
77,0.31,341,WARNING
81,0.85,295,NORMAL
45,0.25,257,NORMAL
74,1.0,327,WARNING
82,0.34,322,CRITICAL
83,0.49,345,NORMAL
49,0.82,327,NORMAL
72,0.55,256,CRITICAL
38,0.38,288,NORMAL
60,0.97,266,NORMAL
55,0.57,349,NORMAL
68,0.8,292,NORMAL
81,0.54,297,NORMAL
47,0.8,306,CRITICAL
58,0.83,278,NORMAL
68,0.71,304,NORMAL
68,0.57,285,NORMAL
47,0.67,336,NORMAL
70,0.34,273,WARNING
59,0.92,281,NORMAL
56,0.92,266,CRITICAL
60,0.82,335,NORMAL
79,0.41,287,NORMAL
47,0.64,280,NORMAL
59,0.67,320,NORMAL
78,0.86,321,NORMAL
81,0.97,254,CRITICAL
75,1.02,265,NORMAL
68,0.55,345,NORMAL
85,0.43,272,NORMAL
52,0.58,255,NORMAL
53,1.04,316,NORMAL
62,0.72,277,NORMAL
41,0.65,276,NORMAL
65,1.06,343,WARNING
39,0.35,261,NORMAL
57,1.04,250,NORMAL
47,0.55,327,NORMAL
83,0.63,253,NORMAL
53,0.88,295,NORMAL
57,0.36,297,CRITICAL
45,1.18,325,NORMAL
52,0.47,293,NORMAL
65,1.05,304,NORMAL
48,0.73,291,NORMAL
48,0.6,275,WARNING
76,0.43,323,NORMAL
58,0.44,272,NORMAL
84,0.22,333,NORMAL
69,1.16,319,NORMAL
80,0.46,346,NORMAL
52,0.59,271,CRITICAL
49,1.05,314,NORMAL
43,0.5,290,NORMAL
63,0.85,349,NORMAL
47,0.64,260,WARNING
67,0.83,292,WARNING
49,0.97,268,NORMAL
77,0.51,255,NORMAL
59,0.35,284,WARNING
40,0.4,334,NORMAL
85,0.6,350,CRITICAL
40,0.54,275,NORMAL
71,1.13,326,NORMAL
68,1.19,252,NORMAL
65,1.17,263,NORMAL
41,1.16,279,WARNING
84,0.73,279,WARNING
82,1.01,285,NORMAL
40,0.76,303,NORMAL
51,0.87,334,NORMAL
52,0.87,257,WARNING
65,0.32,260,CRITICAL
74,0.82,252,CRITICAL
61,0.53,303,NORMAL
68,0.26,326,CRITICAL
58,0.67,339,WARNING
57,1.2,252,CRITICAL
40,0.86,341,NORMAL
66,0.67,273,CRITICAL
58,1.03,308,NORMAL
52,1.18,343,NORMAL
79,0.53,327,NORMAL
67,0.65,270,NORMAL
63,1.1,285,NORMAL
83,1.14,262,NORMAL
36,0.42,295,NORMAL
78,0.52,315,NORMAL
61,0.39,303,NORMAL
80,0.63,290,NORMAL
37,0.98,347,NORMAL
54,0.85,283,WARNING
55,0.42,324,NORMAL
35,0.51,290,NORMAL
39,0.28,335,CRITICAL
37,1.11,258,NORMAL
77,0.68,336,CRITICAL
41,1.1,306,NORMAL
61,0.88,288,NORMAL
53,0.29,284,NORMAL
37,0.9,331,NORMAL
85,0.9,307,NORMAL
45,0.53,329,NORMAL
41,0.48,315,NORMAL
72,0.46,261,CRITICAL
78,1.0,300,NORMAL
64,0.68,274,CRITICAL
45,0.91,285,NORMAL
75,1.03,326,NORMAL
62,0.48,301,CRITICAL
46,0.47,292,NORMAL
69,1.09,294,NORMAL
64,0.39,269,NORMAL
50,0.3,312,NORMAL
67,0.79,273,CRITICAL
76,0.6,344,WARNING
50,0.46,293,NORMAL
71,0.48,264,NORMAL
66,0.33,280,NORMAL
37,0.62,304,NORMAL
79,0.45,278,NORMAL
82,0.48,259,WARNING
69,0.78,267,NORMAL
37,0.42,252,NORMAL
80,0.71,271,WARNING
71,0.75,271,WARNING
43,0.87,325,NORMAL
39,0.53,252,CRITICAL
50,0.34,342,NORMAL
60,0.46,291,NORMAL
60,1.13,338,WARNING
37,1.03,338,WARNING
81,1.01,321,WARNING
60,1.01,314,WARNING
72,0.35,271,NORMAL
74,0.3,259,NORMAL
59,0.97,251,NORMAL
72,0.77,346,NORMAL
64,0.26,332,NORMAL
47,0.29,291,NORMAL
63,0.34,306,NORMAL
58,0.75,312,NORMAL
64,1.01,325,NORMAL
83,0.73,322,NORMAL
65,0.45,346,NORMAL
47,0.71,259,CRITICAL
70,0.87,251,NORMAL
80,1.14,250,NORMAL
45,0.8,328,NORMAL
78,0.33,264,NORMAL
84,0.29,302,CRITICAL
41,0.52,255,NORMAL
62,0.83,268,WARNING
45,0.33,304,NORMAL
58,0.63,303,NORMAL
75,0.84,321,WARNING
67,1.18,251,NORMAL
77,1.01,261,NORMAL
77,0.26,311,NORMAL
79,0.33,255,NORMAL
68,0.25,279,NORMAL
63,0.31,261,CRITICAL
51,1.13,318,CRITICAL
71,1.11,347,NORMAL
39,0.68,306,WARNING
57,0.78,330,NORMAL
37,0.55,267,NORMAL
81,0.58,279,NORMAL
71,0.68,270,NORMAL
64,0.56,308,NORMAL
78,0.69,258,NORMAL
81,1.19,307,NORMAL
78,0.52,265,WARNING
43,1.12,301,NORMAL
44,1.14,255,NORMAL
68,0.36,324,WARNING
61,0.37,343,NORMAL
46,0.96,309,NORMAL
79,0.25,332,NORMAL
68,0.88,294,WARNING
47,0.39,284,WARNING
57,0.97,303,NORMAL
82,0.68,308,NORMAL
57,0.45,278,NORMAL
38,1.17,281,NORMAL
81,0.22,306,NORMAL
78,0.64,341,WARNING
78,1.06,323,WARNING
67,0.35,330,NORMAL
64,1.16,337,NORMAL
47,0.75,259,NORMAL
76,1.02,322,NORMAL
43,1.08,261,NORMAL
70,0.65,258,NORMAL
69,0.65,346,NORMAL
80,0.9,268,NORMAL
71,1.2,282,NORMAL
39,0.97,275,NORMAL
75,1.2,314,CRITICAL
73,0.86,314,WARNING
58,0.92,292,NORMAL
55,0.33,344,NORMAL
57,0.41,282,NORMAL
35,0.74,279,NORMAL
59,0.33,342,NORMAL
75,0.56,285,NORMAL
85,0.24,346,NORMAL
47,0.3,300,CRITICAL
42,0.98,269,NORMAL
52,0.67,280,NORMAL
68,0.28,260,WARNING
36,0.22,273,NORMAL
64,1.1,346,NORMAL
68,0.56,345,NORMAL
55,0.28,337,NORMAL
73,0.82,302,NORMAL
79,0.6,281,WARNING
57,0.23,321,NORMAL
77,0.27,317,NORMAL
40,0.59,282,NORMAL
63,0.68,321,WARNING
60,0.51,313,NORMAL
85,0.62,303,NORMAL
69,0.62,304,WARNING
47,0.58,334,CRITICAL
49,0.71,292,NORMAL
80,0.59,284,NORMAL
62,1.13,307,NORMAL
63,0.52,265,WARNING
44,0.89,330,WARNING
59,0.27,325,NORMAL
63,0.98,283,NORMAL
46,0.43,260,NORMAL
65,0.62,333,NORMAL
56,0.31,261,NORMAL
50,0.88,339,NORMAL
85,1.04,291,NORMAL
37,1.03,286,CRITICAL
62,0.33,349,NORMAL
67,0.58,335,NORMAL
82,0.66,292,NORMAL
47,0.81,267,NORMAL
80,0.88,318,NORMAL
49,1.04,306,NORMAL
47,0.78,318,WARNING
71,1.14,291,WARNING
81,0.47,285,NORMAL
57,0.38,294,NORMAL
62,0.44,254,WARNING
79,0.21,275,NORMAL
58,0.3,325,NORMAL
83,1.03,280,NORMAL
68,1.1,282,NORMAL
51,1.1,322,NORMAL
37,1.1,296,CRITICAL
70,0.48,331,NORMAL
78,0.77,333,NORMAL
52,0.39,335,NORMAL
74,0.46,280,NORMAL
45,1.05,324,WARNING
72,1.09,264,NORMAL
71,0.87,307,NORMAL
76,0.61,347,NORMAL
70,0.63,283,NORMAL
79,0.45,306,NORMAL
58,0.45,310,NORMAL
61,0.75,289,NORMAL
82,0.68,317,NORMAL
37,0.97,266,WARNING
39,0.83,288,CRITICAL
64,0.91,258,NORMAL
43,1.13,287,NORMAL
35,0.74,274,WARNING
83,1.07,303,WARNING
43,0.86,295,NORMAL
39,0.31,327,WARNING
39,0.28,334,WARNING
81,0.93,285,NORMAL
57,0.47,332,NORMAL
48,1.1,339,NORMAL
59,0.28,315,NORMAL
77,0.46,253,CRITICAL
38,0.55,312,NORMAL
48,0.83,286,NORMAL
82,1.2,326,WARNING
35,0.73,307,NORMAL
61,0.91,305,NORMAL
73,0.49,343,NORMAL
80,0.47,339,NORMAL
62,1.15,261,NORMAL
56,0.77,298,NORMAL
41,0.52,285,WARNING
52,0.73,273,NORMAL
64,0.71,297,NORMAL
80,0.62,269,NORMAL
76,0.41,274,NORMAL
53,1.17,337,NORMAL
44,0.29,269,NORMAL
72,0.82,293,NORMAL
59,0.34,313,NORMAL
83,1.07,311,WARNING
62,0.35,276,NORMAL
74,0.79,313,NORMAL
48,1.19,251,NORMAL
46,0.4,276,CRITICAL
36,1.02,339,CRITICAL
63,0.65,335,WARNING
52,0.9,273,NORMAL
44,1.0,331,WARNING
85,0.77,269,NORMAL
48,1.01,274,NORMAL
38,0.23,301,WARNING
67,0.22,266,NORMAL
47,1.18,258,CRITICAL
42,1.19,251,NORMAL
61,0.41,323,NORMAL
68,0.47,344,CRITICAL
57,0.96,279,NORMAL
55,0.71,308,NORMAL
50,0.62,311,WARNING
43,1.16,255,NORMAL
66,0.3,257,NORMAL
58,0.69,277,NORMAL
85,0.77,322,NORMAL
71,0.36,297,NORMAL
59,0.34,322,NORMAL
54,0.95,320,CRITICAL
44,0.48,278,NORMAL
39,1.01,286,NORMAL
52,1.18,317,NORMAL
52,0.33,293,NORMAL
72,0.41,313,NORMAL
66,0.55,274,NORMAL
84,0.95,266,NORMAL
40,0.53,262,WARNING
58,0.76,315,NORMAL
75,0.86,291,NORMAL
80,1.02,292,NORMAL
35,0.75,319,NORMAL
38,0.76,313,NORMAL
40,1.14,347,NORMAL
76,0.97,347,WARNING
41,0.68,295,WARNING
69,0.45,327,NORMAL
41,0.9,350,NORMAL
39,0.42,296,NORMAL
57,0.33,314,CRITICAL
80,0.88,328,WARNING
62,0.93,266,NORMAL
74,1.07,339,NORMAL
62,0.92,297,NORMAL
36,0.9,296,WARNING
70,1.16,283,NORMAL
51,0.78,318,NORMAL
45,1.1,264,NORMAL
39,0.9,274,NORMAL
73,0.98,264,CRITICAL
67,0.76,317,CRITICAL
45,1.09,319,NORMAL
59,1.17,287,NORMAL
84,0.42,280,NORMAL
38,0.23,267,WARNING
35,0.84,277,NORMAL
46,1.17,283,NORMAL
36,0.82,276,NORMAL
52,0.41,297,NORMAL
65,0.34,259,NORMAL
49,1.04,347,NORMAL
36,0.94,342,NORMAL
56,0.65,284,NORMAL
50,0.76,283,NORMAL
84,1.12,307,NORMAL
69,0.61,325,NORMAL
84,0.88,262,NORMAL
85,0.98,320,NORMAL
47,0.69,338,WARNING
57,0.78,312,NORMAL
44,0.32,260,NORMAL
55,0.84,306,NORMAL
47,0.64,269,NORMAL
64,0.62,304,NORMAL
79,0.93,287,NORMAL
79,0.56,299,CRITICAL
80,1.19,253,NORMAL
49,0.97,313,NORMAL
54,0.81,262,NORMAL
46,0.55,329,NORMAL
43,0.8,257,CRITICAL
64,1.18,313,NORMAL
73,0.8,345,NORMAL
69,0.87,259,NORMAL
37,0.45,326,NORMAL
74,0.54,345,NORMAL
76,0.67,335,NORMAL
75,0.78,320,NORMAL
57,0.82,311,WARNING
70,0.3,251,NORMAL
74,0.28,285,CRITICAL
44,1.11,257,NORMAL
57,1.01,320,NORMAL
70,0.48,258,NORMAL
45,0.84,317,WARNING
68,1.15,278,NORMAL
79,0.69,348,NORMAL
59,0.77,288,NORMAL
48,0.43,302,NORMAL
52,1.15,274,WARNING
67,1.07,317,NORMAL
76,0.68,310,WARNING
80,0.92,333,NORMAL
58,0.58,259,NORMAL
40,0.92,293,CRITICAL
72,0.35,332,WARNING
80,0.71,326,CRITICAL
36,1.12,257,CRITICAL
43,0.91,339,WARNING
83,0.31,278,CRITICAL
73,0.78,266,NORMAL
45,1.01,322,NORMAL
63,0.89,302,WARNING
36,0.9,347,NORMAL
78,0.77,282,NORMAL
54,0.44,273,WARNING
79,0.76,268,WARNING
60,0.31,309,NORMAL
85,0.73,287,NORMAL
37,1.04,284,NORMAL
40,0.41,291,WARNING
44,0.64,318,NORMAL
81,0.68,305,NORMAL
70,0.46,350,NORMAL
63,0.29,285,NORMAL
67,0.27,318,NORMAL
82,1.02,295,NORMAL
67,0.24,347,NORMAL
73,0.93,289,CRITICAL
84,0.55,303,NORMAL
43,0.27,348,WARNING
79,0.23,336,NORMAL
35,0.38,297,WARNING
82,0.23,289,NORMAL
60,0.24,327,CRITICAL
46,0.7,269,WARNING
36,0.33,279,NORMAL
35,1.1,306,CRITICAL
38,0.6,309,NORMAL
55,1.01,279,NORMAL
37,1.09,269,WARNING
85,0.88,292,NORMAL
46,0.48,306,NORMAL
79,0.3,261,NORMAL
39,0.46,271,NORMAL
82,1.18,294,NORMAL
61,0.51,290,NORMAL
83,0.98,307,NORMAL
50,0.46,319,NORMAL
52,0.29,338,WARNING
84,0.91,270,NORMAL
51,0.88,256,NORMAL
59,0.8,274,NORMAL
41,0.43,342,CRITICAL
79,0.99,321,NORMAL
43,0.44,304,CRITICAL
48,0.78,313,NORMAL
46,0.78,349,NORMAL
52,0.6,333,NORMAL
37,0.67,345,NORMAL
49,0.36,314,NORMAL
41,0.97,336,CRITICAL
71,0.52,279,NORMAL
38,0.4,341,WARNING
68,0.89,329,WARNING
64,0.8,314,NORMAL
37,0.28,287,WARNING
67,0.46,288,CRITICAL
75,1.19,348,NORMAL
61,0.76,349,WARNING
83,0.3,332,NORMAL
60,0.99,301,NORMAL
56,0.9,293,NORMAL
35,0.24,314,NORMAL
49,0.89,341,NORMAL
43,0.21,334,WARNING
63,1.17,307,WARNING
55,0.67,296,NORMAL
74,0.39,316,NORMAL
63,0.24,328,NORMAL
68,0.7,257,NORMAL
60,1.18,268,NORMAL
47,0.78,287,CRITICAL
60,1.02,285,NORMAL
80,0.83,336,WARNING
77,1.08,327,CRITICAL
78,1.08,313,NORMAL
64,0.84,281,NORMAL
45,1.06,274,NORMAL
65,0.92,329,CRITICAL
70,0.57,265,NORMAL
43,0.31,286,NORMAL
49,0.5,264,NORMAL
66,0.56,302,NORMAL
52,0.44,259,NORMAL
80,1.03,255,NORMAL
81,0.51,273,NORMAL
83,0.6,297,NORMAL
44,0.83,293,NORMAL
44,0.85,346,CRITICAL
58,0.65,301,NORMAL
62,0.35,313,NORMAL
53,0.54,254,NORMAL
66,0.24,284,NORMAL
64,0.45,343,CRITICAL
37,0.99,262,NORMAL
73,0.49,297,NORMAL
81,0.59,262,NORMAL
79,0.39,299,WARNING
79,0.97,260,NORMAL
72,1.01,267,CRITICAL
84,1.19,340,NORMAL
76,0.82,279,WARNING
69,1.05,283,CRITICAL
35,0.81,341,NORMAL
63,0.27,341,NORMAL
40,0.96,303,NORMAL
75,1.12,345,NORMAL
52,0.44,348,CRITICAL
56,1.03,348,CRITICAL
72,0.56,259,CRITICAL
48,0.64,334,NORMAL
56,0.68,318,CRITICAL
36,0.63,332,NORMAL
45,0.51,309,NORMAL
57,0.38,300,NORMAL
83,0.96,325,CRITICAL
45,0.59,274,NORMAL
41,0.53,339,NORMAL
49,1.13,256,NORMAL
42,0.83,335,NORMAL
49,0.41,281,NORMAL
78,0.62,337,NORMAL
49,0.98,298,NORMAL
70,0.99,299,NORMAL
41,0.36,277,NORMAL
77,0.69,324,NORMAL
85,0.96,280,NORMAL
55,0.88,309,NORMAL
68,0.94,336,NORMAL
79,1.06,309,NORMAL
59,0.87,293,NORMAL
51,0.55,294,NORMAL
83,0.35,347,NORMAL
58,0.6,313,NORMAL
38,0.27,339,NORMAL
55,0.2,332,NORMAL
54,1.0,282,CRITICAL
39,0.95,325,WARNING
66,0.32,263,WARNING
41,0.96,333,NORMAL
74,0.46,301,WARNING
38,0.75,256,NORMAL
83,0.62,283,NORMAL
67,0.91,278,WARNING
65,0.56,269,NORMAL
71,0.2,340,NORMAL
75,0.36,262,WARNING
83,1.0,278,NORMAL
66,0.88,287,NORMAL
42,0.39,329,WARNING
82,0.36,295,NORMAL
59,0.54,305,CRITICAL
71,0.56,267,NORMAL
41,0.35,260,WARNING
79,1.03,339,NORMAL
47,1.01,288,NORMAL
80,0.95,345,NORMAL
48,0.24,334,NORMAL
62,0.91,298,WARNING
41,0.31,257,NORMAL
57,0.49,342,CRITICAL
51,0.56,326,CRITICAL
63,1.02,288,NORMAL
54,0.91,270,NORMAL
45,0.67,279,WARNING
44,0.56,295,WARNING
62,1.0,298,NORMAL
85,0.47,293,WARNING
63,1.15,343,WARNING
61,0.88,261,WARNING
36,1.18,331,CRITICAL
77,1.12,288,CRITICAL
46,1.05,347,NORMAL
77,0.24,332,CRITICAL
76,0.51,292,NORMAL
74,0.77,308,CRITICAL
41,0.87,277,NORMAL
41,1.16,326,NORMAL
82,0.34,317,NORMAL
77,0.34,294,WARNING
58,1.09,283,NORMAL
59,0.66,268,NORMAL
82,1.09,312,NORMAL
77,0.25,289,NORMAL
57,0.44,257,NORMAL
54,0.31,350,WARNING
51,0.25,284,NORMAL
40,0.94,305,NORMAL
51,0.99,327,NORMAL
68,0.29,274,CRITICAL
41,0.88,275,NORMAL
43,0.52,272,WARNING
80,0.53,350,NORMAL
76,0.68,286,CRITICAL
42,0.7,295,NORMAL
39,0.31,322,CRITICAL
52,0.21,251,NORMAL
47,1.13,345,NORMAL
40,1.19,333,NORMAL
60,1.06,299,WARNING
36,1.16,265,NORMAL
52,0.4,314,NORMAL
74,0.92,328,NORMAL
66,1.06,296,NORMAL
45,0.35,308,WARNING
53,0.81,284,NORMAL
53,1.11,303,WARNING
73,0.65,317,NORMAL
74,0.96,270,NORMAL
70,0.83,251,CRITICAL
80,0.92,286,NORMAL
70,0.62,314,NORMAL
39,1.1,314,NORMAL
72,0.64,337,NORMAL
84,0.32,349,NORMAL
83,0.8,271,NORMAL
79,1.18,281,NORMAL
35,0.71,324,NORMAL
85,0.27,309,NORMAL
62,0.91,286,NORMAL
80,0.48,312,CRITICAL
51,0.31,272,NORMAL
65,1.11,343,NORMAL
68,0.51,310,CRITICAL
66,0.35,317,NORMAL
35,0.74,331,NORMAL
74,0.23,266,NORMAL
68,0.42,323,NORMAL
41,0.6,303,NORMAL
55,0.47,329,WARNING
76,0.8,271,CRITICAL
61,0.9,304,NORMAL
78,0.36,346,NORMAL
70,0.25,302,NORMAL
55,0.28,277,NORMAL
77,0.24,341,WARNING
63,0.35,287,NORMAL
49,0.88,346,NORMAL
37,0.7,290,NORMAL
40,0.7,348,CRITICAL
58,0.84,316,CRITICAL
40,0.48,251,NORMAL
44,0.23,321,NORMAL
79,0.22,303,WARNING
37,0.5,323,WARNING
57,1.11,296,NORMAL
65,0.92,250,WARNING
72,0.66,260,WARNING
75,0.97,250,NORMAL
77,0.34,305,NORMAL
58,0.33,305,NORMAL
48,1.2,258,CRITICAL
80,0.7,262,WARNING
85,0.34,298,WARNING
39,0.89,317,NORMAL
74,1.11,277,CRITICAL
79,0.78,284,WARNING
59,0.86,318,NORMAL
56,0.3,289,NORMAL
81,1.09,250,NORMAL
56,0.76,337,CRITICAL
56,0.84,338,NORMAL
55,0.26,306,NORMAL
39,0.27,309,NORMAL
44,0.85,323,NORMAL
65,0.55,331,NORMAL
36,0.98,305,WARNING
59,0.78,287,NORMAL
45,0.8,252,WARNING
37,0.85,265,CRITICAL
75,1.14,255,WARNING
62,0.98,320,NORMAL
84,1.18,329,NORMAL
58,0.85,338,NORMAL
35,1.02,337,CRITICAL
85,0.38,289,NORMAL
51,0.44,276,NORMAL
56,1.17,346,WARNING
83,0.64,268,NORMAL
49,0.84,303,NORMAL
60,0.84,331,NORMAL
51,0.9,350,CRITICAL
76,0.39,309,NORMAL
68,0.61,333,NORMAL
38,0.92,325,NORMAL
69,0.52,313,NORMAL
40,0.28,349,NORMAL
49,0.89,250,NORMAL
64,0.25,297,NORMAL
38,0.57,311,NORMAL
48,0.63,306,NORMAL
61,1.01,311,NORMAL
68,1.15,310,NORMAL
82,0.47,334,WARNING
59,0.8,269,NORMAL
47,0.79,281,NORMAL
54,0.86,338,NORMAL
77,0.58,346,NORMAL
37,1.07,283,WARNING
47,0.57,293,NORMAL
82,0.65,339,NORMAL
63,0.79,252,NORMAL
46,1.13,343,CRITICAL
36,1.1,287,NORMAL
36,1.06,293,CRITICAL
80,0.93,327,CRITICAL
62,0.98,334,NORMAL
80,0.48,348,NORMAL
48,0.53,275,CRITICAL
43,0.5,307,NORMAL
70,0.45,306,NORMAL
80,0.65,343,NORMAL
43,0.9,296,NORMAL
63,0.72,282,NORMAL
79,1.04,305,NORMAL
50,0.34,289,NORMAL
47,0.92,260,NORMAL
36,1.04,297,WARNING
80,0.37,317,NORMAL
71,0.72,312,CRITICAL
55,0.31,319,NORMAL
83,1.04,250,NORMAL
53,0.26,325,NORMAL
84,0.23,258,NORMAL
45,0.33,346,WARNING
56,0.71,326,WARNING
65,1.06,346,WARNING
58,0.45,289,NORMAL
79,0.37,289,NORMAL
71,1.11,325,NORMAL
37,1.06,252,WARNING
35,0.38,329,NORMAL
84,1.14,274,NORMAL
50,0.25,291,NORMAL
73,1.01,328,NORMAL
71,1.04,266,NORMAL
51,0.28,253,NORMAL
67,0.56,330,NORMAL
54,0.82,266,NORMAL
62,0.82,330,NORMAL
40,1.02,329,NORMAL
75,1.19,349,NORMAL
83,0.75,251,CRITICAL
74,0.31,275,NORMAL
85,0.77,316,NORMAL
38,0.68,312,NORMAL
75,0.26,336,NORMAL
56,0.39,275,NORMAL
83,0.75,277,NORMAL
49,0.4,325,NORMAL
74,0.73,324,CRITICAL
84,0.55,271,WARNING
68,0.37,300,CRITICAL
78,1.1,306,NORMAL
83,0.92,258,NORMAL
71,0.63,331,NORMAL
42,0.47,305,WARNING
48,0.98,334,WARNING
57,1.02,271,NORMAL
53,0.57,274,WARNING
82,0.83,275,NORMAL
61,0.73,272,CRITICAL
68,0.92,310,NORMAL
50,0.28,284,NORMAL
46,0.25,347,WARNING
60,0.55,290,NORMAL
84,0.71,313,NORMAL
46,0.71,296,NORMAL
35,0.59,250,NORMAL
36,1.1,327,NORMAL
82,0.29,338,WARNING
46,0.42,348,NORMAL
77,0.79,254,NORMAL
52,1.08,345,NORMAL
35,0.88,337,NORMAL
82,1.04,302,NORMAL
39,0.82,345,NORMAL
66,0.48,300,NORMAL
56,0.26,341,NORMAL
81,0.88,317,NORMAL
44,0.46,301,NORMAL
80,1.07,298,CRITICAL
76,0.56,254,NORMAL
61,0.23,288,NORMAL
54,1.12,342,NORMAL
84,0.25,344,NORMAL
52,0.68,272,NORMAL
55,0.53,327,CRITICAL
79,0.58,311,NORMAL
49,0.83,273,NORMAL
64,0.42,313,CRITICAL
70,0.27,283,NORMAL
69,0.68,271,NORMAL
55,0.66,274,WARNING
66,0.74,278,NORMAL
39,0.94,296,NORMAL
41,0.86,289,NORMAL
52,0.94,314,NORMAL
52,0.66,291,NORMAL
80,0.58,296,CRITICAL
50,0.61,313,NORMAL
68,0.82,294,NORMAL
83,0.76,253,CRITICAL
46,0.88,345,NORMAL
53,0.45,291,NORMAL
46,0.81,341,WARNING
41,0.28,321,NORMAL
49,1.1,317,NORMAL
68,0.77,271,NORMAL
44,0.41,313,NORMAL
44,0.89,271,NORMAL
84,0.44,285,NORMAL
42,1.08,262,NORMAL
48,0.73,292,NORMAL
45,0.65,299,WARNING
36,0.39,307,NORMAL
53,0.53,332,NORMAL
37,0.26,273,NORMAL
46,0.3,309,WARNING
38,0.85,303,NORMAL
80,0.2,340,NORMAL
61,0.54,293,NORMAL
43,0.54,334,NORMAL
84,0.88,327,NORMAL
53,0.61,278,NORMAL
52,0.72,296,NORMAL
69,0.94,334,NORMAL
36,0.9,309,NORMAL
66,1.0,260,WARNING
53,0.79,306,NORMAL
48,0.67,288,NORMAL
48,0.34,286,CRITICAL
80,0.81,318,NORMAL
52,0.74,256,CRITICAL
45,0.88,274,NORMAL
64,0.76,330,NORMAL
69,0.79,308,NORMAL
66,0.75,290,CRITICAL
55,0.48,331,NORMAL
65,0.96,348,NORMAL
43,1.02,281,NORMAL
38,0.79,346,NORMAL
81,0.78,317,NORMAL
66,0.44,336,WARNING
50,0.97,271,NORMAL
53,0.33,253,CRITICAL
79,1.2,272,NORMAL
54,0.87,263,NORMAL
38,0.43,268,NORMAL
67,0.92,343,NORMAL
44,0.36,314,NORMAL
40,0.63,295,CRITICAL
41,1.11,336,NORMAL
57,0.21,274,NORMAL
35,0.26,294,WARNING
81,0.51,297,NORMAL
57,1.16,349,WARNING
65,0.35,300,NORMAL
70,0.5,312,NORMAL
75,0.78,281,NORMAL
42,0.82,301,NORMAL
51,0.35,338,NORMAL
78,0.53,306,NORMAL
70,0.62,288,NORMAL
39,0.6,299,WARNING
71,0.21,253,NORMAL
64,0.35,269,NORMAL
83,0.31,256,NORMAL
82,0.33,316,NORMAL
45,0.73,260,NORMAL
79,0.65,252,WARNING
41,0.47,253,NORMAL
46,0.98,286,CRITICAL
41,0.63,258,NORMAL
56,0.5,310,NORMAL
48,0.5,328,NORMAL
81,1.18,289,WARNING
67,0.51,330,WARNING
42,1.12,308,CRITICAL
82,0.79,308,NORMAL
44,0.33,345,NORMAL
66,0.53,312,NORMAL
52,1.05,267,CRITICAL
43,0.88,285,CRITICAL
45,0.72,350,NORMAL
41,0.84,297,NORMAL
43,0.32,279,CRITICAL
73,0.84,336,NORMAL
49,0.52,312,NORMAL
54,0.71,305,NORMAL
83,1.19,273,NORMAL
82,0.79,343,NORMAL
63,0.63,262,WARNING
71,0.46,339,NORMAL
69,0.89,271,NORMAL
75,0.8,253,CRITICAL
62,0.87,296,NORMAL
81,0.32,321,NORMAL
44,0.2,281,CRITICAL
49,0.89,338,NORMAL
60,0.84,263,NORMAL
55,1.17,300,NORMAL
71,0.69,299,NORMAL
80,0.91,331,NORMAL
59,0.41,255,NORMAL
41,0.72,271,CRITICAL
80,1.01,286,NORMAL
63,1.1,327,NORMAL
50,0.85,347,CRITICAL
44,0.28,330,NORMAL
50,0.54,286,NORMAL
51,0.62,340,NORMAL
54,0.72,322,NORMAL
55,0.73,278,NORMAL
76,1.15,324,WARNING
62,1.04,332,NORMAL
38,0.2,308,WARNING
64,0.22,311,NORMAL
78,0.75,282,NORMAL
50,0.4,319,NORMAL
84,0.88,296,NORMAL
44,1.06,313,NORMAL
41,1.11,315,NORMAL
41,0.93,272,NORMAL
50,0.89,257,CRITICAL
79,0.82,342,NORMAL
35,0.6,327,NORMAL
69,0.41,258,NORMAL
83,1.11,279,NORMAL
51,1.04,347,CRITICAL
82,0.29,343,NORMAL
50,0.44,322,WARNING
73,1.08,288,NORMAL
40,0.47,303,NORMAL
38,1.04,281,NORMAL
65,0.84,301,NORMAL
66,0.67,280,NORMAL
59,0.7,339,NORMAL
75,0.65,298,CRITICAL
44,0.25,312,NORMAL
64,0.88,338,NORMAL
55,0.69,343,NORMAL
65,1.08,252,NORMAL
35,0.54,334,NORMAL
49,0.6,310,WARNING
64,0.6,258,NORMAL
81,1.07,340,NORMAL
56,1.13,305,CRITICAL
43,0.76,275,NORMAL
47,0.2,269,NORMAL
48,0.46,344,NORMAL
64,0.41,285,NORMAL
48,0.41,287,WARNING
53,0.92,256,NORMAL
81,0.63,326,NORMAL
45,0.79,287,NORMAL
70,0.87,342,NORMAL
72,0.86,281,CRITICAL
64,0.61,269,WARNING
54,0.69,289,NORMAL
56,0.71,291,NORMAL
37,0.48,302,NORMAL
48,0.84,319,NORMAL
45,0.47,277,NORMAL
64,0.8,320,NORMAL
59,0.69,303,NORMAL
70,0.72,259,NORMAL
77,0.56,310,NORMAL
58,0.31,346,CRITICAL
36,0.47,302,NORMAL
69,0.51,289,NORMAL
64,0.48,331,NORMAL
52,0.59,263,CRITICAL
38,1.18,327,NORMAL
77,0.31,257,WARNING
53,1.11,294,NORMAL
65,0.47,276,NORMAL
62,0.55,257,NORMAL
46,0.49,287,NORMAL
66,0.64,343,NORMAL
70,0.61,339,NORMAL
77,0.24,295,NORMAL
74,0.67,283,NORMAL
66,0.46,329,WARNING
77,1.02,283,NORMAL
85,0.81,271,NORMAL
73,0.84,308,NORMAL
56,1.06,287,NORMAL
70,0.26,337,NORMAL
66,0.85,331,NORMAL
49,0.34,343,WARNING
46,0.32,289,NORMAL
79,0.49,348,NORMAL
37,0.51,270,NORMAL
85,0.25,284,NORMAL
41,1.12,262,WARNING
68,0.79,321,NORMAL
85,0.32,319,NORMAL
67,0.47,265,NORMAL
36,0.93,282,NORMAL
71,0.99,308,NORMAL
63,0.28,281,WARNING
57,0.77,258,WARNING
36,0.67,264,CRITICAL
40,0.45,279,WARNING
78,0.84,349,NORMAL
81,1.0,345,NORMAL
72,0.26,251,NORMAL
71,0.7,342,NORMAL
67,0.72,305,NORMAL
83,0.94,257,NORMAL
64,0.47,312,NORMAL
38,0.5,279,NORMAL
79,0.25,271,NORMAL
65,0.48,303,NORMAL
62,0.92,319,NORMAL
43,0.85,287,NORMAL
72,0.78,348,NORMAL
56,1.19,299,NORMAL
41,0.67,326,NORMAL
36,0.28,270,CRITICAL
71,1.06,258,NORMAL
82,0.88,253,NORMAL
61,0.86,292,NORMAL
82,0.66,279,WARNING
65,0.63,292,WARNING
85,0.5,330,NORMAL
84,0.88,257,NORMAL
71,0.79,286,NORMAL
81,0.87,315,CRITICAL
76,0.33,330,NORMAL
73,0.71,326,NORMAL
46,0.8,336,CRITICAL
60,0.33,272,NORMAL
37,0.41,306,NORMAL
43,0.59,349,NORMAL
39,1.13,292,NORMAL
73,1.15,294,NORMAL
85,0.61,336,NORMAL
40,0.49,282,WARNING
52,0.71,311,NORMAL
48,0.66,313,NORMAL
64,1.08,255,NORMAL
85,1.05,250,WARNING
51,0.24,287,NORMAL
56,1.14,323,CRITICAL
64,0.5,275,NORMAL
45,1.14,318,NORMAL
85,0.48,254,NORMAL
82,1.08,335,NORMAL
78,1.05,273,NORMAL
54,0.67,286,NORMAL
64,0.92,319,WARNING
35,0.83,328,NORMAL
74,0.49,302,WARNING
84,0.52,288,NORMAL
66,0.35,283,NORMAL
85,1.01,291,NORMAL
67,0.53,305,NORMAL
65,0.55,275,WARNING
69,0.49,291,NORMAL
38,0.26,337,WARNING
69,1.02,275,NORMAL
36,0.61,279,WARNING
84,0.75,342,NORMAL
52,0.45,255,NORMAL
66,0.39,337,NORMAL
40,0.86,270,CRITICAL
36,0.52,324,NORMAL
57,1.09,292,CRITICAL
60,0.22,349,NORMAL
72,1.0,255,WARNING
68,0.2,293,NORMAL
57,0.35,330,NORMAL
68,0.77,313,NORMAL
59,1.19,336,WARNING
69,0.92,282,NORMAL
38,0.4,345,NORMAL
77,0.25,337,NORMAL
48,0.72,255,NORMAL
81,0.89,334,NORMAL
63,0.61,252,NORMAL
64,0.39,283,NORMAL
39,0.84,289,NORMAL
47,0.78,319,NORMAL
48,0.56,280,NORMAL
79,0.56,263,NORMAL
40,0.75,338,CRITICAL
58,0.81,287,WARNING
61,0.86,311,NORMAL
64,0.79,256,NORMAL
78,0.85,277,NORMAL
85,0.22,257,NORMAL
43,0.89,256,WARNING
55,0.93,312,NORMAL
38,0.98,284,CRITICAL
79,0.42,269,NORMAL
71,1.07,273,NORMAL
50,0.34,324,NORMAL
75,1.19,292,NORMAL
73,0.93,334,NORMAL
39,0.76,272,NORMAL
78,0.44,317,NORMAL
57,0.66,337,NORMAL
74,0.79,332,NORMAL
79,1.16,315,CRITICAL
62,0.74,337,NORMAL
57,0.54,290,NORMAL
41,1.14,312,NORMAL
59,1.03,265,CRITICAL
35,0.3,298,NORMAL
40,0.93,318,NORMAL
41,0.23,325,WARNING
85,0.74,340,NORMAL
75,0.39,307,NORMAL
46,0.3,350,NORMAL
71,0.68,319,NORMAL
73,0.78,328,WARNING
57,0.59,313,NORMAL
62,0.84,342,NORMAL
56,0.22,273,NORMAL
49,0.42,295,WARNING
57,0.42,335,NORMAL
54,0.86,341,NORMAL
44,0.37,263,NORMAL
51,0.2,317,NORMAL
39,0.64,276,WARNING
69,0.65,264,CRITICAL
58,1.16,344,NORMAL
41,0.55,272,NORMAL
53,0.65,308,NORMAL
42,0.93,329,NORMAL
85,1.05,278,NORMAL
60,1.19,322,CRITICAL
78,0.51,308,CRITICAL
42,0.86,331,WARNING
52,0.46,310,NORMAL
56,0.53,278,NORMAL
85,0.7,273,NORMAL
70,0.7,276,NORMAL
67,0.57,276,NORMAL
52,1.11,287,CRITICAL
57,0.38,308,NORMAL
66,0.74,279,NORMAL
77,1.16,327,NORMAL
77,0.24,264,NORMAL
57,0.74,320,NORMAL
38,1.13,266,NORMAL
83,0.21,297,NORMAL
36,0.61,315,NORMAL
56,0.34,342,CRITICAL
76,0.25,265,NORMAL
52,0.56,301,NORMAL
68,0.36,338,NORMAL
78,0.44,284,WARNING
78,0.73,299,NORMAL
67,1.04,298,NORMAL
62,0.63,292,NORMAL
76,0.34,300,NORMAL
62,0.45,306,CRITICAL
55,0.81,269,NORMAL
39,0.52,322,NORMAL
57,1.07,295,NORMAL
75,0.93,313,NORMAL
48,1.06,293,NORMAL
51,0.63,272,NORMAL
65,0.87,327,NORMAL
69,1.06,332,WARNING
75,1.03,271,NORMAL
47,1.05,343,NORMAL
74,0.54,279,NORMAL
69,1.07,260,NORMAL
53,1.2,346,NORMAL
81,0.72,279,NORMAL
74,1.12,335,NORMAL
84,0.3,267,WARNING
42,0.23,268,NORMAL
53,1.01,337,NORMAL
60,0.35,319,NORMAL
61,1.05,313,NORMAL
42,0.55,269,NORMAL
63,0.67,250,NORMAL
79,0.77,258,NORMAL
51,1.2,296,WARNING
52,0.82,318,NORMAL
65,0.25,261,NORMAL
48,1.0,306,CRITICAL
42,0.61,286,NORMAL
71,0.47,330,NORMAL
85,0.96,336,NORMAL
36,0.3,323,CRITICAL
36,0.23,268,NORMAL
56,1.06,293,NORMAL
45,0.46,343,NORMAL
35,0.63,307,WARNING
65,0.41,257,NORMAL
37,1.03,334,NORMAL
56,0.42,350,NORMAL
61,1.01,327,WARNING
79,0.21,313,NORMAL
78,0.52,263,NORMAL
52,0.47,259,NORMAL
52,0.79,300,NORMAL
74,0.52,295,NORMAL
35,0.47,331,NORMAL
48,0.96,342,NORMAL
37,0.25,345,NORMAL
75,0.23,337,NORMAL
42,1.17,336,NORMAL
56,0.3,262,NORMAL
63,0.26,336,NORMAL
82,0.55,295,CRITICAL
39,0.23,272,NORMAL
68,0.3,332,NORMAL
75,1.01,294,CRITICAL
73,0.83,323,NORMAL
66,1.04,290,NORMAL
64,0.56,312,CRITICAL
77,0.42,334,NORMAL
63,0.68,289,WARNING
36,1.05,310,NORMAL
39,1.16,267,NORMAL
68,0.38,265,NORMAL
84,0.3,290,NORMAL
66,0.49,350,WARNING
81,0.45,306,NORMAL
54,0.23,254,NORMAL
65,0.86,339,NORMAL
44,0.41,254,NORMAL
51,0.3,271,NORMAL
39,1.1,299,NORMAL
57,0.75,272,NORMAL
66,0.79,343,NORMAL
63,0.7,271,CRITICAL
77,1.02,341,NORMAL
47,1.16,251,NORMAL
60,0.42,294,NORMAL
51,0.85,271,NORMAL
83,0.94,255,WARNING
64,0.74,317,NORMAL
78,1.08,350,NORMAL
79,0.37,311,WARNING
67,0.38,335,CRITICAL
40,0.42,306,NORMAL
68,0.35,271,NORMAL
55,1.2,250,NORMAL
81,0.76,280,NORMAL
76,0.44,299,NORMAL
46,0.72,315,CRITICAL
84,1.17,317,NORMAL
53,1.0,307,NORMAL
50,0.57,251,WARNING
69,0.83,321,NORMAL
51,0.88,263,NORMAL
55,0.38,264,NORMAL
48,0.87,269,NORMAL
51,0.32,333,NORMAL
49,0.66,325,NORMAL
81,1.03,336,WARNING
39,0.45,309,WARNING
40,0.56,338,NORMAL
61,0.47,327,NORMAL
77,0.82,294,WARNING
39,0.21,339,WARNING
61,0.98,309,WARNING
83,0.87,297,NORMAL
60,0.46,273,NORMAL
66,1.15,284,NORMAL
44,0.73,304,NORMAL
74,0.3,325,CRITICAL
39,0.91,336,WARNING
43,0.78,316,NORMAL
79,1.12,314,NORMAL
76,0.62,281,NORMAL
70,0.76,318,NORMAL
36,0.77,324,NORMAL
64,0.77,273,NORMAL
72,1.1,301,WARNING
47,0.31,275,CRITICAL
80,0.98,251,NORMAL
85,0.56,300,NORMAL
51,0.25,294,WARNING
72,1.11,285,WARNING
78,0.94,292,NORMAL
58,1.19,307,NORMAL
84,0.64,289,WARNING
40,0.49,275,WARNING
59,0.72,287,NORMAL
49,0.94,346,CRITICAL
42,0.71,312,NORMAL
40,0.6,264,NORMAL
82,0.72,331,NORMAL
60,0.47,342,NORMAL
75,0.59,263,NORMAL
36,0.84,282,NORMAL
46,0.88,319,NORMAL
44,0.46,308,NORMAL
57,1.01,254,NORMAL
72,0.34,266,WARNING
78,0.58,271,NORMAL
42,0.24,280,NORMAL
45,0.54,279,WARNING
42,0.84,273,NORMAL
36,0.59,345,NORMAL
84,0.28,267,NORMAL
75,0.68,333,NORMAL
85,1.18,262,NORMAL
45,1.14,322,NORMAL
75,0.39,340,CRITICAL
79,1.07,298,NORMAL
36,1.16,262,WARNING
67,0.27,344,CRITICAL
49,0.4,316,NORMAL
74,0.79,331,NORMAL
44,0.95,267,CRITICAL
81,1.01,328,NORMAL
54,0.85,282,WARNING
43,0.41,306,CRITICAL
50,0.34,264,NORMAL
59,0.98,279,NORMAL
78,0.27,251,NORMAL
40,0.29,297,NORMAL
75,0.39,267,NORMAL
70,0.45,345,CRITICAL
62,0.9,250,NORMAL
80,0.22,280,WARNING
42,0.76,251,NORMAL
51,0.94,305,CRITICAL
60,1.12,333,NORMAL
43,0.79,345,NORMAL
48,0.56,295,NORMAL
49,0.61,348,NORMAL
79,0.9,333,NORMAL
36,0.29,284,NORMAL
59,0.38,334,NORMAL
58,0.46,337,NORMAL
60,0.53,331,WARNING
76,0.69,316,NORMAL
59,0.61,267,WARNING
35,0.98,335,CRITICAL
82,1.16,296,NORMAL
61,0.26,338,NORMAL
72,0.68,311,NORMAL
51,0.93,329,NORMAL
59,0.94,279,WARNING
39,0.97,255,NORMAL
78,0.41,286,WARNING
37,1.16,296,NORMAL
69,0.56,307,WARNING
58,0.52,304,NORMAL
36,0.9,349,NORMAL
40,0.79,337,NORMAL
79,1.08,335,CRITICAL
84,0.41,300,CRITICAL
58,0.32,251,WARNING
43,0.81,328,CRITICAL
75,0.44,253,CRITICAL
63,0.5,331,NORMAL
77,0.41,261,NORMAL
39,0.39,258,CRITICAL
75,0.65,296,WARNING
40,0.28,268,NORMAL
46,0.35,269,CRITICAL
49,0.4,251,NORMAL
70,1.05,306,WARNING
74,0.32,269,NORMAL
71,0.4,250,NORMAL
79,0.27,337,NORMAL
74,0.78,291,NORMAL
77,1.07,281,NORMAL
45,1.18,278,NORMAL
67,0.7,296,CRITICAL
82,0.45,261,WARNING
80,0.77,328,WARNING
63,0.2,266,NORMAL
68,0.32,341,NORMAL
43,0.9,311,NORMAL
66,0.64,294,NORMAL
85,0.89,303,CRITICAL
79,0.21,318,WARNING
62,1.17,306,NORMAL
64,1.01,261,WARNING
68,0.67,278,NORMAL
42,0.78,341,WARNING
53,0.73,277,NORMAL
83,0.6,277,NORMAL
78,0.69,276,NORMAL
76,0.21,308,NORMAL
75,1.19,292,NORMAL
74,0.38,273,NORMAL
53,0.38,345,WARNING
85,0.66,263,NORMAL
70,0.81,269,NORMAL
63,0.27,273,NORMAL
77,0.79,264,NORMAL
58,0.71,259,NORMAL
77,0.51,334,NORMAL
80,0.87,318,NORMAL
63,1.14,279,NORMAL
76,0.35,346,WARNING
60,0.41,251,NORMAL
46,0.64,266,NORMAL
69,0.95,297,NORMAL
39,0.43,252,NORMAL
44,0.77,338,NORMAL
72,0.55,316,NORMAL
54,1.03,307,NORMAL
41,0.93,290,CRITICAL
56,0.23,299,NORMAL
46,0.61,329,NORMAL
81,0.25,306,NORMAL
57,1.0,309,NORMAL
73,0.48,344,NORMAL
35,1.1,300,CRITICAL
61,0.22,324,CRITICAL
78,1.07,288,CRITICAL
62,0.61,301,WARNING
85,0.79,252,NORMAL
70,0.5,276,NORMAL
40,0.79,341,NORMAL
57,0.93,323,WARNING
72,0.8,336,WARNING
71,1.07,273,NORMAL
53,0.79,289,CRITICAL
82,0.42,284,NORMAL
71,1.16,317,NORMAL
82,0.24,265,NORMAL
46,0.97,312,WARNING
53,0.3,329,NORMAL
42,0.81,286,NORMAL
41,0.4,345,NORMAL
37,0.75,322,CRITICAL
66,1.15,318,NORMAL
41,0.85,285,WARNING
51,0.83,328,WARNING
45,0.6,269,NORMAL
68,1.13,343,NORMAL
69,0.34,288,NORMAL
83,0.89,319,NORMAL
52,0.82,302,NORMAL
36,0.74,314,NORMAL
43,1.02,282,CRITICAL
61,0.25,277,CRITICAL
35,0.62,264,CRITICAL
73,0.37,345,NORMAL
50,0.46,332,NORMAL
35,0.27,297,NORMAL
47,1.01,327,NORMAL
83,0.9,268,NORMAL
66,0.44,251,WARNING
55,0.31,328,NORMAL
77,0.21,342,NORMAL
83,0.37,253,WARNING
77,0.47,285,NORMAL
44,0.8,345,NORMAL
56,0.44,299,NORMAL
70,0.59,334,CRITICAL
70,0.87,339,CRITICAL
58,0.78,259,NORMAL
66,0.39,323,NORMAL
69,0.96,289,NORMAL
63,1.04,323,NORMAL
47,0.58,290,NORMAL
42,0.34,308,NORMAL
78,0.73,332,NORMAL
37,0.79,334,NORMAL
78,0.86,315,WARNING
82,0.61,265,NORMAL
65,0.6,349,NORMAL
76,0.47,266,NORMAL
61,0.26,254,WARNING
42,0.3,316,NORMAL
60,0.49,336,NORMAL
73,0.3,341,CRITICAL
57,0.49,318,NORMAL
48,0.8,333,NORMAL
43,1.01,344,CRITICAL
85,0.23,283,WARNING
45,0.52,252,NORMAL
40,0.6,323,NORMAL
72,0.69,265,NORMAL
67,0.28,314,NORMAL
85,0.47,298,NORMAL
61,0.2,347,WARNING
40,0.97,339,NORMAL
43,0.49,343,NORMAL
45,0.65,264,NORMAL
37,0.98,293,WARNING
41,0.43,254,NORMAL
79,0.4,259,NORMAL
41,1.1,260,NORMAL
68,1.08,273,WARNING
84,0.33,318,CRITICAL
55,0.48,347,NORMAL
79,0.73,322,CRITICAL
56,0.33,341,NORMAL
45,0.73,318,WARNING
58,0.91,262,NORMAL
68,1.16,310,NORMAL
67,1.18,340,NORMAL
61,0.23,314,CRITICAL
78,0.89,329,NORMAL
84,0.28,343,WARNING
65,0.82,334,NORMAL
79,1.09,295,CRITICAL
76,0.47,300,CRITICAL
75,0.85,302,NORMAL
49,0.22,306,NORMAL
57,0.55,343,NORMAL
64,0.33,346,NORMAL
85,0.35,282,NORMAL
84,0.63,275,NORMAL
81,1.14,296,NORMAL
51,0.24,322,NORMAL
50,0.69,285,NORMAL
44,0.8,252,NORMAL
82,1.1,317,CRITICAL
62,0.47,252,NORMAL
59,0.72,310,NORMAL
48,0.73,313,WARNING
53,0.95,349,WARNING
69,1.04,325,NORMAL
68,0.48,281,WARNING
68,1.03,255,NORMAL
35,0.28,263,NORMAL
71,0.9,347,NORMAL
45,0.54,350,NORMAL
75,0.48,287,WARNING
64,1.05,335,WARNING
65,0.55,281,NORMAL
76,0.35,271,WARNING
39,0.42,252,NORMAL
46,0.32,344,WARNING
83,0.9,343,NORMAL
42,1.2,330,WARNING
52,0.38,311,WARNING
41,1.02,302,NORMAL
50,1.06,321,NORMAL
44,1.1,275,NORMAL
78,0.97,346,NORMAL
45,1.0,264,NORMAL
63,0.64,323,NORMAL
55,0.78,280,NORMAL
50,0.94,307,WARNING
42,0.56,258,NORMAL
58,0.79,346,NORMAL
59,1.03,267,NORMAL
62,1.04,346,NORMAL
39,1.19,267,CRITICAL
75,0.29,275,NORMAL
77,0.22,341,NORMAL
40,1.14,263,WARNING
65,0.89,255,NORMAL
47,0.87,333,CRITICAL
41,0.41,350,NORMAL
71,0.89,254,NORMAL
42,1.15,298,NORMAL
75,1.16,330,NORMAL
68,1.18,329,NORMAL
36,1.15,326,NORMAL
63,0.77,274,NORMAL
60,0.56,293,NORMAL
71,0.65,275,NORMAL
53,0.76,297,NORMAL
39,0.65,274,WARNING
44,0.48,255,NORMAL
83,0.4,255,NORMAL
49,0.45,294,CRITICAL
73,0.73,254,NORMAL
49,0.99,307,NORMAL
59,1.13,333,NORMAL
49,0.22,289,NORMAL
47,0.91,274,NORMAL
43,0.49,328,NORMAL
60,1.1,284,NORMAL
71,1.04,289,NORMAL
40,0.61,330,NORMAL
48,0.31,302,NORMAL
69,0.41,304,NORMAL
72,0.28,330,NORMAL
79,0.9,259,WARNING
60,0.38,335,NORMAL
66,1.06,325,NORMAL
44,0.33,292,NORMAL
58,0.25,282,NORMAL
47,1.13,291,NORMAL
74,1.15,346,WARNING
61,0.32,318,NORMAL
47,0.63,256,NORMAL
75,0.77,287,CRITICAL
54,0.99,283,WARNING
84,1.09,326,NORMAL
83,0.55,307,NORMAL
65,1.16,299,CRITICAL
78,1.01,308,NORMAL
71,0.56,326,NORMAL
49,0.74,250,NORMAL
82,0.79,277,NORMAL
75,0.91,323,NORMAL
36,0.82,296,NORMAL
51,1.08,336,NORMAL
82,0.56,293,NORMAL
82,0.62,345,NORMAL
37,0.82,350,CRITICAL
83,0.86,270,NORMAL
80,0.21,271,NORMAL
76,0.57,294,NORMAL
72,0.82,333,WARNING
81,0.73,331,NORMAL
59,0.29,308,NORMAL
46,0.49,313,NORMAL
57,0.73,328,NORMAL
41,1.13,333,NORMAL
70,0.71,314,NORMAL
80,0.24,343,NORMAL
54,0.35,312,WARNING
62,0.3,295,NORMAL
42,0.7,277,NORMAL
63,0.47,320,NORMAL
49,0.7,260,NORMAL
69,0.57,328,NORMAL
70,0.46,307,NORMAL
55,1.13,332,WARNING
81,0.24,333,NORMAL
74,0.99,264,WARNING
48,0.61,288,NORMAL
37,0.98,289,NORMAL
73,0.65,335,NORMAL
64,0.78,318,NORMAL
80,1.04,295,NORMAL
41,0.94,341,NORMAL
60,0.57,319,NORMAL
64,0.94,262,NORMAL
37,0.31,305,NORMAL
60,0.29,257,WARNING
65,1.2,314,NORMAL
39,0.23,332,NORMAL
68,0.75,268,WARNING
56,0.98,268,NORMAL
71,0.41,304,NORMAL
45,0.53,338,NORMAL
42,0.94,256,NORMAL
67,0.94,317,NORMAL
82,0.63,271,CRITICAL
60,0.4,327,NORMAL
55,0.79,337,NORMAL
54,1.08,285,WARNING
60,0.99,266,NORMAL
39,0.64,322,NORMAL
47,0.32,294,NORMAL
35,0.52,338,NORMAL
67,0.23,329,NORMAL
68,0.74,301,CRITICAL
70,0.96,281,NORMAL
48,0.98,297,NORMAL
76,0.39,266,NORMAL
69,0.21,336,NORMAL
55,0.85,344,WARNING
42,0.35,324,NORMAL
55,0.76,311,WARNING
53,0.3,324,NORMAL
60,0.4,291,NORMAL
84,0.61,349,NORMAL
72,1.07,350,NORMAL
65,0.27,321,NORMAL
42,0.7,269,NORMAL
58,0.49,344,NORMAL
60,1.03,305,CRITICAL
76,0.61,322,NORMAL
76,0.58,321,WARNING
63,0.66,347,NORMAL
41,0.42,304,NORMAL
59,1.15,331,NORMAL
52,1.13,333,NORMAL
50,1.15,292,NORMAL
59,0.89,329,NORMAL
57,0.7,307,NORMAL
38,0.4,274,NORMAL
65,0.4,300,NORMAL
69,0.62,348,WARNING
85,0.55,298,NORMAL
39,0.94,341,NORMAL
44,0.7,287,WARNING
50,0.79,303,NORMAL
60,0.92,327,NORMAL
83,0.43,346,NORMAL
58,1.14,322,NORMAL
62,0.32,350,NORMAL
83,0.34,301,WARNING
40,1.05,267,NORMAL
